,location,elevation_m,Lat,Long,state,Date,SWE,Region,Prev_SWE,Delta_SWE
CDEC:ADM,Adin Mountain,1889.76,41.237,-120.792,California,9/24/2022,0,N_Sierras,0,0
CDEC:BKL,Bucks Lake,1790.0904,39.852921,-121.25135,California,9/24/2022,0,N_Sierras,0,0
CDEC:BLA,Blacks Mountain,2148.84,40.76984,-121.199783,California,9/24/2022,0,N_Sierras,0,0
CDEC:BLC,Blue Canyon,1609.344,39.280098,-120.708694,California,9/24/2022,0,N_Sierras,0,0
CDEC:BMW,Big Meadows (Scs),2651.76,39.458,-119.945999,California,9/24/2022,0,N_Sierras,0,0
CDEC:CDP,Cedar Pass,2164.08,41.583,-120.303001,California,9/24/2022,0,N_Sierras,0,0
CDEC:CSL,Cent Sierra Snow Lab,2103.12,39.325001,-120.366997,California,9/24/2022,0,N_Sierras,0,0
CDEC:CWF,Crowder Flat,1554.48,41.893398,-120.7519,California,9/24/2022,0,N_Sierras,0,0
CDEC:DSS,Dismal Swamp,2148.84,41.993,-120.165001,California,9/24/2022,0,N_Sierras,0,0
CDEC:GKS,Greek Store,1706.88,39.07468,-120.5616,California,9/24/2022,0,N_Sierras,0,0
CDEC:GRZ,Grizzly Ridge,2103.12,39.917,-120.644997,California,9/24/2022,0,N_Sierras,0,0
CDEC:HIG,Highland Lakes,1837.944,41.091782,-122.491562,California,9/24/2022,0,N_Sierras,0,0
CDEC:HMB,Humbug,1981.2,40.115002,-121.367996,California,9/24/2022,0,N_Sierras,0,0
CDEC:HRK,Harkness Flat,1889.76,40.417999,-121.275002,California,9/24/2022,0,N_Sierras,0,0
CDEC:HYS,Huysink,2011.68,39.281422,-120.529633,California,9/24/2022,0,N_Sierras,0,0
CDEC:IDC,Independence Camp,2133.6,39.452587,-120.298546,California,9/24/2022,0,N_Sierras,0,0
CDEC:IDP,Independence Lake (Scs),2575.56,39.435001,-120.321999,California,9/24/2022,0,N_Sierras,0,0
CDEC:INN,Independence Creek,1981.2,39.493999,-120.292999,California,9/24/2022,0,N_Sierras,0,0
CDEC:KTL,Kettle Rock,2225.04,40.139999,-120.714996,California,9/24/2022,0,N_Sierras,0,0
CDEC:LLP,Lower Lassen Peak,2541.4224,40.466602,-121.50811,California,9/24/2022,0,N_Sierras,0,0
CDEC:MDW,Meadow Lake,2194.56,39.405663,-120.506058,California,9/24/2022,0,N_Sierras,0,0
CDEC:MED,Medicine Lake,2042.16,41.591389,-121.610832,California,9/24/2022,0,N_Sierras,0,0
CDEC:MRL,Marlette Lake,2438.4,39.173,-119.904999,California,9/24/2022,0,N_Sierras,0,0
CDEC:MSK,Mount Rose Ski Area,2712.72,39.326,-119.902,California,9/24/2022,0,N_Sierras,0,0
CDEC:RCC,Robinson Cow Camp,1975.104,39.621864,-120.679871,California,9/24/2022,0,N_Sierras,0,0
CDEC:RP2,Rubicon Peak 2,2286,39.000999,-120.139999,California,9/24/2022,0,N_Sierras,0,0
CDEC:RTL,Rattlesnake,1892.808,40.127911,-121.043968,California,9/24/2022,0,N_Sierras,0,0
CDEC:SDF,Sand Flat,2057.4,41.350239,-122.246529,California,9/24/2022,0,N_Sierras,0,0
CDEC:SLT,Slate Creek,1737.36,41.04398,-122.480103,California,9/24/2022,0,N_Sierras,0,0
CDEC:SQV,Palisades Tahoe Snotel,2499.36,39.194,-120.276001,California,9/24/2022,0,N_Sierras,0,0
CDEC:SSM,Sunnyside Meadow,1920.24,39.698132,-120.782211,California,9/24/2022,0,N_Sierras,0,0
CDEC:TCC,Tahoe City Cross,2057.4,39.17144,-120.154655,California,9/24/2022,0,N_Sierras,0,0
CDEC:TK2,Truckee 2,1950.72,39.299999,-120.194,California,9/24/2022,0,N_Sierras,0,0
CDEC:WC3,Ward Creek 3,2057.4,39.135574,-120.218681,California,9/24/2022,0,N_Sierras,0,0
SNOTEL:1242_NV_SNTL,Little Valley,1979.066406,39.25259018,-119.8770981,Nevada,9/24/2022,0,N_Sierras,0,0
SNOTEL:1258_CA_SNTL,State Line,1731.264038,41.98609161,-120.7157364,California,9/24/2022,0,N_Sierras,0,0
SNOTEL:1277_CA_SNTL,Fredonyer Peak,2196.998291,40.68798828,-120.6080475,California,9/24/2022,0,N_Sierras,0,0
SNOTEL:301_CA_SNTL,Adin Mtn,1886.712036,41.2358284,-120.7919235,California,9/24/2022,0,N_Sierras,0,0
SNOTEL:340_NV_SNTL,Big Meadow,2510.028076,39.45500183,-119.9421997,Nevada,9/24/2022,0,N_Sierras,0,0
SNOTEL:428_CA_SNTL,Css Lab,2101.29126,39.32564926,-120.3680725,California,9/24/2022,0,N_Sierras,0,0
SNOTEL:540_CA_SNTL,Independence Creek,1961.692749,39.49000931,-120.2822571,California,9/24/2022,0,N_Sierras,0,0
SNOTEL:541_CA_SNTL,Independence Lake,2541.422363,39.42752075,-120.3134232,California,9/24/2022,0,N_Sierras,0,0
SNOTEL:615_NV_SNTL,Marlette Lake,2403.043213,39.16395187,-119.8967209,Nevada,9/24/2022,0,N_Sierras,0,0
SNOTEL:652_NV_SNTL,Mt Rose Ski Area,2682.544922,39.31573105,-119.8947296,Nevada,9/24/2022,0,N_Sierras,0,0
SNOTEL:784_CA_SNTL,Squaw Valley G.C.,2442.362305,39.1898613,-120.2657623,California,9/24/2022,0,N_Sierras,0,0
SNOTEL:809_CA_SNTL,Tahoe City Cross,2071.725586,39.17161942,-120.1536179,California,9/24/2022,0,N_Sierras,0,0
SNOTEL:834_CA_SNTL,Truckee #2,1983.943237,39.30086899,-120.1840668,California,9/24/2022,0,N_Sierras,0,0
SNOTEL:848_CA_SNTL,Ward Creek #3,2055.875977,39.13544846,-120.2186508,California,9/24/2022,0,N_Sierras,0,0
CDEC:AGP,Agnew Pass,2880.36,37.726631,-119.141731,California,9/24/2022,0,S_Sierras,0,0
CDEC:ALP,Alpha (Smud),2316.48,38.804192,-120.215652,California,9/24/2022,0,S_Sierras,0,0
CDEC:BCB,Blackcap Basin,3139.44,37.066685,-118.77301,California,9/24/2022,0,S_Sierras,0,0
CDEC:BCH,Beach Meadows,2331.72,36.126095,-118.293457,California,9/24/2022,0,S_Sierras,0,0
CDEC:BGP,Big Pine Creek,2987.04,37.127815,-118.476967,California,9/24/2022,0,S_Sierras,0,0
CDEC:BIM,Big Meadows (Dwr),2316.48,36.715225,-118.843773,California,9/24/2022,0,S_Sierras,0,0
CDEC:BLD,Bloods Creek,2194.56,38.451256,-120.034882,California,9/24/2022,0,S_Sierras,0,0
CDEC:BLK,Blue Lakes,2438.4,38.612999,-119.931,California,9/24/2022,0,S_Sierras,0,0
CDEC:BLS,Black Springs,1981.2,38.375881,-120.195,California,9/24/2022,0,S_Sierras,0,0
CDEC:BSK,Burnside Lake,2477.7192,38.719398,-119.894203,California,9/24/2022,0,S_Sierras,0,0
CDEC:CHM,Chilkoot Meadow,2179.32,37.40839,-119.492188,California,9/24/2022,0,S_Sierras,0,0
CDEC:CHP,Chagoopa Plateau,3139.44,36.497143,-118.446716,California,9/24/2022,0,S_Sierras,0,0
CDEC:CRL,Charlotte Lake,3169.92,36.777523,-118.42601,California,9/24/2022,0,S_Sierras,0,0
CDEC:CSV,Casa Vieja Meadows,2529.84,36.198097,-118.267685,California,9/24/2022,0,S_Sierras,0,0
CDEC:CWD,Cottonwood Lakes,3093.72,36.483829,-118.177559,California,9/24/2022,0,S_Sierras,0,0
CDEC:CXS,Carson Pass,2545.9944,38.692402,-120.002098,California,9/24/2022,0,S_Sierras,0,0
CDEC:DAN,Dana Meadows,2987.04,37.896999,-119.257004,California,9/24/2022,0,S_Sierras,0,0
CDEC:DDM,Deadman Creek,2819.4,38.331596,-119.654114,California,9/24/2022,0,S_Sierras,0,0
CDEC:DPO,Devils Postpile,2307.0312,37.62941,-119.084671,California,9/24/2022,0,S_Sierras,0,0
CDEC:EBB,Ebbetts Pass,2651.76,38.561001,-119.807999,California,9/24/2022,0,S_Sierras,0,0
CDEC:EP5,Echo Peak 5,2377.44,38.848999,-120.079002,California,9/24/2022,0,S_Sierras,0,0
CDEC:FDC,Forestdale Creek,2443.5816,38.6824,-119.959702,California,9/24/2022,0,S_Sierras,0,0
CDEC:FLL,Fallen Leaf Lake,1905,38.931999,-120.056,California,9/24/2022,0,S_Sierras,0,0
CDEC:FRN,Forni Ridge,2316.48,38.80397,-120.215919,California,9/24/2022,0,S_Sierras,0,0
CDEC:FRW,Farewell Gap,2895.6,36.415211,-118.578979,California,9/24/2022,0,S_Sierras,0,0
CDEC:GEM,Gem Pass,3276.6,37.779999,-119.169998,California,9/24/2022,0,S_Sierras,0,0
CDEC:GIN,Gin Flat,2148.84,37.766998,-119.773003,California,9/24/2022,0,S_Sierras,0,0
CDEC:GNF,Giant Forest (Usace),2026.92,36.562,-118.764999,California,9/24/2022,0,S_Sierras,0,0
CDEC:GNL,Gianelli Meadow,2560.32,38.204308,-119.893188,California,9/24/2022,0,S_Sierras,0,0
CDEC:GRM,Green Mountain,2407.92,37.549599,-119.232559,California,9/24/2022,0,S_Sierras,0,0
CDEC:GRV,Graveyard Meadow,2103.12,37.46344,-119.292892,California,9/24/2022,0,S_Sierras,0,0
CDEC:HGM,Hagans Meadow,2438.4,38.853001,-119.940002,California,9/24/2022,0,S_Sierras,0,0
CDEC:HNT,Huntington Lake (Usbr),2133.6,37.22757,-119.220482,California,9/24/2022,0,S_Sierras,0,0
CDEC:HOR,Horse Meadow (Nrcs),2608.1736,38.836498,-119.887299,California,9/24/2022,0,S_Sierras,0,0
CDEC:HRS,Horse Meadow,2560.32,38.158001,-119.662003,California,9/24/2022,0,S_Sierras,0,0
CDEC:HVN,Heavenly Valley,2682.24,38.929001,-119.917,California,9/24/2022,0,S_Sierras,0,0
CDEC:LBD,Lobdell Lake,2804.16,38.439999,-119.376999,California,9/24/2022,0,S_Sierras,0,0
CDEC:LVM,Leavitt Meadows,2194.56,38.305,-119.552002,California,9/24/2022,0,S_Sierras,0,0
CDEC:LVT,Leavitt Lake,2926.08,38.282001,-119.621002,California,9/24/2022,0,S_Sierras,0,0
CDEC:MHP,Mammoth Pass (Usbr),2834.64,37.6124,-119.031746,California,9/24/2022,0,S_Sierras,0,0
CDEC:MNT,Monitor Pass,2545.08,38.669998,-119.614998,California,9/24/2022,0,S_Sierras,0,0
CDEC:MTM,Mitchell Meadow,3017.52,36.737,-118.711998,California,9/24/2022,0,S_Sierras,0,0
CDEC:PDS,Paradise Meadow,2331.72,38.047001,-119.669998,California,9/24/2022,0,S_Sierras,0,0
CDEC:PSC,Pascoes,2788.92,35.966999,-118.349998,California,9/24/2022,0,S_Sierras,0,0
CDEC:PSN,Poison Flat,2407.92,38.500999,-119.630997,California,9/24/2022,0,S_Sierras,0,0
CDEC:QUA,Quaking Aspen,2194.56,36.117508,-118.539993,California,9/24/2022,0,S_Sierras,0,0
CDEC:RBP,Robbs Powerhouse,1569.72,38.902382,-120.376541,California,9/24/2022,0,S_Sierras,0,0
CDEC:RCK,Rock Creek Lakes,2956.56,37.457275,-118.735023,California,9/24/2022,0,S_Sierras,0,0
CDEC:SCN,Schneiders,2667,38.747002,-120.068001,California,9/24/2022,0,S_Sierras,0,0
CDEC:SDW,Summit Meadow,2838.6024,38.397499,-119.535599,California,9/24/2022,0,S_Sierras,0,0
CDEC:SIL,Silver Lake,2164.08,38.679604,-120.118195,California,9/24/2022,0,S_Sierras,0,0
CDEC:SLM,Stanislaus Meadow,2362.2,38.505501,-119.937302,California,9/24/2022,0,S_Sierras,0,0
CDEC:SPS,Sonora Pass Bridge,2667,38.318001,-119.600998,California,9/24/2022,0,S_Sierras,0,0
CDEC:SPT,Spratt Creek,1874.52,38.666271,-119.817421,California,9/24/2022,0,S_Sierras,0,0
CDEC:SWM,Sawmill,3108.96,37.161964,-118.562592,California,9/24/2022,0,S_Sierras,0,0
CDEC:TMR,Tamarack Summit,2301.24,37.16375,-119.200531,California,9/24/2022,0,S_Sierras,0,0
CDEC:TNY,Tenaya Lake,2484.12,37.838001,-119.447998,California,9/24/2022,0,S_Sierras,0,0
CDEC:TUM,Tuolumne Meadows,2621.28,37.873001,-119.349998,California,9/24/2022,0,S_Sierras,0,0
CDEC:UBC,Upper Burnt Corral,2956.56,37.183296,-118.938293,California,9/24/2022,0,S_Sierras,0,0
CDEC:UTY,Upper Tyndall Creek,3474.72,36.650002,-118.397003,California,9/24/2022,0,S_Sierras,0,0
CDEC:VLC,Volcanic Knob,3063.24,37.387859,-118.905037,California,9/24/2022,0,S_Sierras,0,0
CDEC:VRG,Virginia Lakes Ridge,2834.64,38.077,-119.234001,California,9/24/2022,0,S_Sierras,0,0
CDEC:VVL,Van Vleck,2042.16,38.943947,-120.306061,California,9/24/2022,0,S_Sierras,0,0
CDEC:WHW,White Wolf,2407.92,37.859501,-119.651604,California,9/24/2022,0,S_Sierras,0,0
CDEC:WTM,Wet Meadows,2727.96,36.348,-118.571999,California,9/24/2022,0,S_Sierras,0,0
CDEC:WWC,West Woodchuck Meadow,2773.68,37.029999,-118.917999,California,9/24/2022,0,S_Sierras,0,0
SNOTEL:1050_CA_SNTL,Horse Meadow,2608.173584,38.83652115,-119.8873215,California,9/24/2022,0,S_Sierras,0,0
SNOTEL:1051_CA_SNTL,Burnside Lake,2477.719238,38.71942902,-119.8942032,California,9/24/2022,0,S_Sierras,0,0
SNOTEL:1052_CA_SNTL,Summit Meadow,2838.602295,38.39746857,-119.5352173,California,9/24/2022,0,S_Sierras,0,0
SNOTEL:1067_CA_SNTL,Carson Pass,2548.12793,38.69269943,-120.0021973,California,9/24/2022,0,S_Sierras,0,0
SNOTEL:356_CA_SNTL,Blue Lakes,2458.821533,38.60800171,-119.9243698,California,9/24/2022,0,S_Sierras,0,0
SNOTEL:462_CA_SNTL,Ebbetts Pass,2639.872803,38.54970169,-119.8046799,California,9/24/2022,0,S_Sierras,0,0
SNOTEL:463_CA_SNTL,Echo Peak,2332.634521,38.84899902,-120.0794983,California,9/24/2022,0,S_Sierras,0,0
SNOTEL:508_CA_SNTL,Hagans Meadow,2359.761719,38.85189819,-119.9374008,California,9/24/2022,0,S_Sierras,0,0
SNOTEL:575_CA_SNTL,Leavitt Meadows,2193.950439,38.30366898,-119.5511093,California,9/24/2022,0,S_Sierras,0,0
SNOTEL:587_CA_SNTL,Lobdell Lake,2819.095215,38.43745041,-119.3657227,California,9/24/2022,0,S_Sierras,0,0
SNOTEL:633_CA_SNTL,Monitor Pass,2531.668701,38.66830063,-119.6087036,California,9/24/2022,0,S_Sierras,0,0
SNOTEL:724_CA_SNTL,Rubicon #2,2322.27124,38.99927139,-120.1313934,California,9/24/2022,0,S_Sierras,0,0
SNOTEL:771_CA_SNTL,Sonora Pass,2673.095947,38.31021118,-119.6003036,California,9/24/2022,0,S_Sierras,0,0
SNOTEL:778_CA_SNTL,Spratt Creek,1848.002441,38.66627121,-119.8174133,California,9/24/2022,0,S_Sierras,0,0
SNOTEL:1082_WY_SNTL,Grand Targhee,2822.447998,43.77933121,-110.9278336,Wyoming,9/24/2022,0,Greater_Yellowstone,0,0
SNOTEL:1105_MT_SNTL,East Boulder Mine,1930.907959,45.50381088,-110.0801926,Montana,9/24/2022,0,Greater_Yellowstone,0,0
SNOTEL:1131_WY_SNTL,Little Goose,2703.575928,44.54315186,-107.1786499,Wyoming,9/24/2022,0,Greater_Yellowstone,0,0
SNOTEL:1132_WY_SNTL,Soldier Park,2657.855957,44.34846878,-107.0136032,Wyoming,9/24/2022,0,Greater_Yellowstone,0,0
SNOTEL:1133_WY_SNTL,Pocket Creek,2852.927979,42.71210098,-109.4112015,Wyoming,9/24/2022,0,Greater_Yellowstone,0,0
SNOTEL:1134_WY_SNTL,Larsen Creek,2743.199951,42.58010101,-109.0883026,Wyoming,9/24/2022,0,Greater_Yellowstone,0,0
SNOTEL:325_WY_SNTL,Bear Trap Meadow,2499.360107,43.88742828,-107.061348,Wyoming,9/24/2022,0,Greater_Yellowstone,0,0
SNOTEL:326_WY_SNTL,Beartooth Lake,2852.927979,44.94306946,-109.5674286,Wyoming,9/24/2022,0,Greater_Yellowstone,0,0
SNOTEL:342_WY_SNTL,Big Sandy Opening,2767.583984,42.64580154,-109.2596512,Wyoming,9/24/2022,0,Greater_Yellowstone,0,0
SNOTEL:350_WY_SNTL,Blackwater,2980.944092,44.37667084,-109.7933273,Wyoming,9/24/2022,0,Greater_Yellowstone,0,0
SNOTEL:358_WY_SNTL,Bone Springs Div,2849.879883,44.67887878,-107.5811005,Wyoming,9/24/2022,0,Greater_Yellowstone,0,0
SNOTEL:363_MT_SNTL,Box Canyon,2033.015991,45.27190018,-110.2490311,Montana,9/24/2022,0,Greater_Yellowstone,0,0
SNOTEL:377_WY_SNTL,Burgess Junction,2401.823975,44.78765106,-107.5291672,Wyoming,9/24/2022,0,Greater_Yellowstone,0,0
SNOTEL:379_WY_SNTL,Burroughs Creek,2667,43.69733047,-109.6702118,Wyoming,9/24/2022,0,Greater_Yellowstone,0,0
SNOTEL:402_WY_SNTL,Cloud Peak Reservoir,3005.327881,44.40343094,-107.0605698,Wyoming,9/24/2022,0,Greater_Yellowstone,0,0
SNOTEL:407_MT_SNTL,Cole Creek,2392.679932,45.19404984,-109.3454819,Montana,9/24/2022,0,Greater_Yellowstone,0,0
SNOTEL:419_WY_SNTL,Cottonwood Creek,2337.815918,42.64590073,-110.8148193,Wyoming,9/24/2022,0,Greater_Yellowstone,0,0
SNOTEL:451_WY_SNTL,Dome Lake,2706.624023,44.57461929,-107.295372,Wyoming,9/24/2022,0,Greater_Yellowstone,0,0
SNOTEL:460_WY_SNTL,East Rim Divide,2417.063965,43.13097,-110.202301,Wyoming,9/24/2022,0,Greater_Yellowstone,0,0
SNOTEL:472_WY_SNTL,Evening Star,2804.159912,44.65258026,-109.7842178,Wyoming,9/24/2022,0,Greater_Yellowstone,0,0
SNOTEL:480_MT_SNTL,Fisher Creek,2773.679932,45.06235123,-109.9448776,Montana,9/24/2022,0,Greater_Yellowstone,0,0
SNOTEL:497_WY_SNTL,Granite Creek,2063.496094,43.34297943,-110.4349518,Wyoming,9/24/2022,0,Greater_Yellowstone,0,0
SNOTEL:499_WY_SNTL,Grassy Lake,2214.37207,44.12612152,-110.8343506,Wyoming,9/24/2022,0,Greater_Yellowstone,0,0
SNOTEL:512_WY_SNTL,Hansen Sawmill,2548.12793,44.25601959,-106.9798279,Wyoming,9/24/2022,0,Greater_Yellowstone,0,0
SNOTEL:525_WY_SNTL,Hobbs Park,3078.47998,42.86983871,-109.0945511,Wyoming,9/24/2022,0,Greater_Yellowstone,0,0
SNOTEL:555_WY_SNTL,Kendall R.S.,2359.1521,43.2492981,-110.0166168,Wyoming,9/24/2022,0,Greater_Yellowstone,0,0
SNOTEL:560_WY_SNTL,Kirwin,2910.840088,43.86066818,-109.3216324,Wyoming,9/24/2022,0,Greater_Yellowstone,0,0
SNOTEL:577_WY_SNTL,Lewis Lake Divide,2392.679932,44.20861816,-110.6662827,Wyoming,9/24/2022,0,Greater_Yellowstone,0,0
SNOTEL:585_WY_SNTL,Little Warm,2855.976074,43.50278091,-109.7519989,Wyoming,9/24/2022,0,Greater_Yellowstone,0,0
SNOTEL:597_WY_SNTL,Loomis Park,2511.552002,43.17387009,-110.1400681,Wyoming,9/24/2022,0,Greater_Yellowstone,0,0
SNOTEL:616_WY_SNTL,Marquette,2670.048096,44.30160141,-109.2401886,Wyoming,9/24/2022,0,Greater_Yellowstone,0,0
SNOTEL:625_WY_SNTL,Middle Powder,2365.248047,43.62728119,-107.1813812,Wyoming,9/24/2022,0,Greater_Yellowstone,0,0
SNOTEL:661_WY_SNTL,New Fork Lake,2542.031982,43.11265182,-109.9494705,Wyoming,9/24/2022,0,Greater_Yellowstone,0,0
SNOTEL:670_MT_SNTL,Northeast Entrance,2240.280029,45.00564957,-110.014061,Montana,9/24/2022,0,Greater_Yellowstone,0,0
SNOTEL:676_WY_SNTL,Owl Creek,2735.580078,43.65867996,-109.0098801,Wyoming,9/24/2022,0,Greater_Yellowstone,0,0
SNOTEL:683_WY_SNTL,Parker Peak,2865.120117,44.7339592,-109.9148407,Wyoming,9/24/2022,0,Greater_Yellowstone,0,0
SNOTEL:689_WY_SNTL,Phillips Bench,2499.360107,43.51686859,-110.9125824,Wyoming,9/24/2022,0,Greater_Yellowstone,0,0
SNOTEL:696_MT_SNTL,Placer Basin,2691.384033,45.41904831,-110.0884399,Montana,9/24/2022,0,Greater_Yellowstone,0,0
SNOTEL:730_WY_SNTL,Salt River Summit,2328.672119,42.50749969,-110.9098969,Wyoming,9/24/2022,0,Greater_Yellowstone,0,0
SNOTEL:751_WY_SNTL,Shell Creek,2919.983887,44.50011826,-107.4294662,Wyoming,9/24/2022,0,Greater_Yellowstone,0,0
SNOTEL:754_MT_SNTL,Shower Falls,2468.879883,45.40124893,-110.9575806,Montana,9/24/2022,0,Greater_Yellowstone,0,0
SNOTEL:764_WY_SNTL,Snake River Station,2109.216064,44.13360977,-110.6691666,Wyoming,9/24/2022,0,Greater_Yellowstone,0,0
SNOTEL:779_WY_SNTL,Spring Creek Divide,2743.199951,42.52516174,-110.6614838,Wyoming,9/24/2022,0,Greater_Yellowstone,0,0
SNOTEL:786_WY_SNTL,St. Lawrence Alt,2627.375977,43.03313065,-109.1702499,Wyoming,9/24/2022,0,Greater_Yellowstone,0,0
SNOTEL:798_WY_SNTL,Sucker Creek,2706.624023,44.72249985,-107.4003296,Wyoming,9/24/2022,0,Greater_Yellowstone,0,0
SNOTEL:806_WY_SNTL,Sylvan Lake,2566.416016,44.47763824,-110.1565094,Wyoming,9/24/2022,0,Greater_Yellowstone,0,0
SNOTEL:816_WY_SNTL,Thumb Divide,2432.303955,44.36917114,-110.5771713,Wyoming,9/24/2022,0,Greater_Yellowstone,0,0
SNOTEL:818_WY_SNTL,Tie Creek,2093.976074,44.81243134,-107.4101715,Wyoming,9/24/2022,0,Greater_Yellowstone,0,0
SNOTEL:819_WY_SNTL,Timber Creek,2423.159912,44.02740097,-109.1787872,Wyoming,9/24/2022,0,Greater_Yellowstone,0,0
SNOTEL:822_WY_SNTL,Togwotee Pass,2919.983887,43.74901962,-110.0578003,Wyoming,9/24/2022,0,Greater_Yellowstone,0,0
SNOTEL:826_WY_SNTL,Townsend Creek,2651.76001,42.69525146,-108.8957214,Wyoming,9/24/2022,0,Greater_Yellowstone,0,0
SNOTEL:831_WY_SNTL,Triple Peak,2590.800049,42.76393127,-110.5914001,Wyoming,9/24/2022,0,Greater_Yellowstone,0,0
SNOTEL:837_WY_SNTL,Two Ocean Plateau,2816.352051,44.15177917,-110.2212219,Wyoming,9/24/2022,0,Greater_Yellowstone,0,0
SNOTEL:862_MT_SNTL,White Mill,2651.76001,45.04574966,-109.9098663,Montana,9/24/2022,0,Greater_Yellowstone,0,0
SNOTEL:868_WY_SNTL,Willow Creek,2462.783936,42.81512833,-110.8351517,Wyoming,9/24/2022,0,Greater_Yellowstone,0,0
SNOTEL:878_WY_SNTL,Younts Peak,2545.080078,43.93225098,-109.817749,Wyoming,9/24/2022,0,Greater_Yellowstone,0,0
SNOTEL:923_WY_SNTL,Deer Park,2956.560059,42.59075928,-108.9027328,Wyoming,9/24/2022,0,Greater_Yellowstone,0,0
SNOTEL:981_MT_SNTL,Burnt Mtn,1792.223999,45.24010086,-109.45961,Montana,9/24/2022,0,Greater_Yellowstone,0,0
SNOTEL:1014_CO_SNTL,Middle Fork Camp,2724.912109,39.79560089,-106.027298,Colorado,9/24/2022,0,N_Co_Rockies,0,0
SNOTEL:1030_CO_SNTL,Arapaho Ridge,3340.60791,40.35097885,-106.3814163,Colorado,9/24/2022,0,N_Co_Rockies,0,0
SNOTEL:1031_CO_SNTL,Never Summer,3133.343994,40.40404892,-105.9558334,Colorado,9/24/2022,0,N_Co_Rockies,0,0
SNOTEL:1032_CO_SNTL,Rawah,2749.295898,40.70750046,-106.0075989,Colorado,9/24/2022,0,N_Co_Rockies,0,0
SNOTEL:1033_CO_SNTL,Zirkel,2846.832031,40.79487991,-106.5953522,Colorado,9/24/2022,0,N_Co_Rockies,0,0
SNOTEL:1040_CO_SNTL,Mccoy Park,2889.503906,39.60467911,-106.5412827,Colorado,9/24/2022,0,N_Co_Rockies,0,0
SNOTEL:1061_CO_SNTL,Bear River,2767.583984,40.06153107,-107.009552,Colorado,9/24/2022,0,N_Co_Rockies,0,0
SNOTEL:1100_CO_SNTL,Saint Elmo,3212.592041,38.69977951,-106.3680115,Colorado,9/24/2022,0,N_Co_Rockies,0,0
SNOTEL:1101_CO_SNTL,Chapman Tunnel,3081.528076,39.26216888,-106.6293106,Colorado,9/24/2022,0,N_Co_Rockies,0,0
SNOTEL:1120_CO_SNTL,Elliot Ridge,3206.496094,39.86399841,-106.4245987,Colorado,9/24/2022,0,N_Co_Rockies,0,0
SNOTEL:1122_CO_SNTL,Hourglass Lake,2859.023926,40.57912827,-105.6306763,Colorado,9/24/2022,0,N_Co_Rockies,0,0
SNOTEL:1123_CO_SNTL,Long Draw Resv,3041.904053,40.51229858,-105.7656021,Colorado,9/24/2022,0,N_Co_Rockies,0,0
SNOTEL:1141_CO_SNTL,Upper Taylor,3243.072021,38.99076843,-106.7542191,Colorado,9/24/2022,0,N_Co_Rockies,0,0
SNOTEL:1161_CO_SNTL,Black Mountain,2718.815918,40.88800049,-105.6639709,Colorado,9/24/2022,0,N_Co_Rockies,0,0
SNOTEL:1186_CO_SNTL,Fool Creek,3398.52002,39.86869812,-105.8675003,Colorado,9/24/2022,0,N_Co_Rockies,0,0
SNOTEL:1187_CO_SNTL,High Lonesome,3236.976074,40.03591919,-105.7547073,Colorado,9/24/2022,0,N_Co_Rockies,0,0
SNOTEL:1251_CO_SNTL,Sawtooth,2932.176025,40.13697052,-105.5862503,Colorado,9/24/2022,0,N_Co_Rockies,0,0
SNOTEL:1252_CO_SNTL,Elkhead Divide,2676.144043,40.79648972,-107.1012192,Colorado,9/24/2022,0,N_Co_Rockies,0,0
SNOTEL:305_CO_SNTL,Arrow,2950.464111,39.91550064,-105.7608337,Colorado,9/24/2022,0,N_Co_Rockies,0,0
SNOTEL:322_CO_SNTL,Bear Lake,2895.600098,40.31118011,-105.6448288,Colorado,9/24/2022,0,N_Co_Rockies,0,0
SNOTEL:335_CO_SNTL,Berthoud Summit,3444.23999,39.80392075,-105.7778931,Colorado,9/24/2022,0,N_Co_Rockies,0,0
SNOTEL:345_CO_SNTL,Bison Lake,3316.224121,39.76486969,-107.3568115,Colorado,9/24/2022,0,N_Co_Rockies,0,0
SNOTEL:380_CO_SNTL,Butte,3096.768066,38.89432907,-106.9530029,Colorado,9/24/2022,0,N_Co_Rockies,0,0
SNOTEL:409_CO_SNTL,Columbine Pass,2865.120117,38.41794968,-108.3824921,Colorado,9/24/2022,0,N_Co_Rockies,0,0
SNOTEL:412_CO_SNTL,Copeland Lake,2621.280029,40.20777893,-105.5686111,Colorado,9/24/2022,0,N_Co_Rockies,0,0
SNOTEL:415_CO_SNTL,Copper Mountain,3215.639893,39.4895401,-106.1709518,Colorado,9/24/2022,0,N_Co_Rockies,0,0
SNOTEL:426_CO_SNTL,Crosho,2773.679932,40.16744995,-107.0575027,Colorado,9/24/2022,0,N_Co_Rockies,0,0
SNOTEL:438_CO_SNTL,Deadman Hill,3115.055908,40.80570984,-105.769928,Colorado,9/24/2022,0,N_Co_Rockies,0,0
SNOTEL:457_CO_SNTL,Dry Lake,2560.320068,40.53396988,-106.7813034,Colorado,9/24/2022,0,N_Co_Rockies,0,0
SNOTEL:467_CO_SNTL,Elk River,2651.76001,40.84780884,-106.9687119,Colorado,9/24/2022,0,N_Co_Rockies,0,0
SNOTEL:485_CO_SNTL,Fremont Pass,3474.719971,39.37990952,-106.1968079,Colorado,9/24/2022,0,N_Co_Rockies,0,0
SNOTEL:505_CO_SNTL,Grizzly Peak,3383.280029,39.6463089,-105.8697281,Colorado,9/24/2022,0,N_Co_Rockies,0,0
SNOTEL:531_CO_SNTL,Hoosier Pass,3474.719971,39.3612709,-106.0597763,Colorado,9/24/2022,0,N_Co_Rockies,0,0
SNOTEL:542_CO_SNTL,Independence Pass,3230.879883,39.07538986,-106.6116867,Colorado,9/24/2022,0,N_Co_Rockies,0,0
SNOTEL:556_CO_SNTL,Kiln,2926.080078,39.31724167,-106.6145325,Colorado,9/24/2022,0,N_Co_Rockies,0,0
SNOTEL:564_CO_SNTL,Lake Eldora,2956.560059,39.93677902,-105.5895615,Colorado,9/24/2022,0,N_Co_Rockies,0,0
SNOTEL:565_CO_SNTL,Lake Irene,3261.360107,40.4143219,-105.8198013,Colorado,9/24/2022,0,N_Co_Rockies,0,0
SNOTEL:607_CO_SNTL,Lynx Pass,2706.624023,40.07806015,-106.6702805,Colorado,9/24/2022,0,N_Co_Rockies,0,0
SNOTEL:622_CO_SNTL,Mesa Lakes,3048,39.05831146,-108.0583496,Colorado,9/24/2022,0,N_Co_Rockies,0,0
SNOTEL:658_CO_SNTL,Nast Lake,2651.76001,39.29721832,-106.6069412,Colorado,9/24/2022,0,N_Co_Rockies,0,0
SNOTEL:663_CO_SNTL,Niwot,3020.568115,40.03522873,-105.5442581,Colorado,9/24/2022,0,N_Co_Rockies,0,0
SNOTEL:669_CO_SNTL,North Lost Trail,2804.159912,39.07812881,-107.1438904,Colorado,9/24/2022,0,N_Co_Rockies,0,0
SNOTEL:680_CO_SNTL,Park Cone,2926.080078,38.81996155,-106.5897369,Colorado,9/24/2022,0,N_Co_Rockies,0,0
SNOTEL:682_CO_SNTL,Park Reservoir,3035.808105,39.04644012,-107.8741379,Colorado,9/24/2022,0,N_Co_Rockies,0,0
SNOTEL:709_CO_SNTL,Rabbit Ears,2865.120117,40.36782837,-106.7403793,Colorado,9/24/2022,0,N_Co_Rockies,0,0
SNOTEL:717_CO_SNTL,Ripple Creek,3151.63208,40.10811996,-107.2941132,Colorado,9/24/2022,0,N_Co_Rockies,0,0
SNOTEL:718_CO_SNTL,Roach,2956.560059,40.87501907,-106.0460281,Colorado,9/24/2022,0,N_Co_Rockies,0,0
SNOTEL:793_CO_SNTL,Stillwater Creek,2657.855957,40.22542953,-105.9197693,Colorado,9/24/2022,0,N_Co_Rockies,0,0
SNOTEL:825_CO_SNTL,Tower,3200.399902,40.53742981,-106.6768036,Colorado,9/24/2022,0,N_Co_Rockies,0,0
SNOTEL:827_CO_SNTL,Trapper Lake,2956.560059,39.99884033,-107.2361984,Colorado,9/24/2022,0,N_Co_Rockies,0,0
SNOTEL:838_CO_SNTL,University Camp,3139.439941,40.03279114,-105.576149,Colorado,9/24/2022,0,N_Co_Rockies,0,0
SNOTEL:842_CO_SNTL,Vail Mountain,3139.439941,39.61676025,-106.3800583,Colorado,9/24/2022,0,N_Co_Rockies,0,0
SNOTEL:869_CO_SNTL,Willow Creek Pass,2907.791992,40.34703064,-106.0943298,Colorado,9/24/2022,0,N_Co_Rockies,0,0
SNOTEL:913_CO_SNTL,Buffalo Park,2816.352051,40.22861099,-106.5952835,Colorado,9/24/2022,0,N_Co_Rockies,0,0
SNOTEL:935_CO_SNTL,Jackwhacker Gulch,3340.60791,39.56666946,-105.8000031,Colorado,9/24/2022,0,N_Co_Rockies,0,0
SNOTEL:936_CO_SNTL,Echo Lake,3230.879883,39.65626907,-105.5934525,Colorado,9/24/2022,0,N_Co_Rockies,0,0
SNOTEL:937_CO_SNTL,Michigan Creek,3230.879883,39.43576813,-105.9107819,Colorado,9/24/2022,0,N_Co_Rockies,0,0
SNOTEL:939_CO_SNTL,Rough And Tumble,3157.728027,39.03332901,-106.0833282,Colorado,9/24/2022,0,N_Co_Rockies,0,0
SNOTEL:328_MT_SNTL,Beaver Creek,2392.679932,44.94966125,-111.3585205,Montana,9/24/2022,0,SW_Mont,0,0
SNOTEL:347_MT_SNTL,Black Bear,2490.216064,44.50831985,-111.1280289,Montana,9/24/2022,0,SW_Mont,0,0
SNOTEL:385_MT_SNTL,Carrot Basin,2743.199951,44.96192169,-111.2940292,Montana,9/24/2022,0,SW_Mont,0,0
SNOTEL:403_MT_SNTL,Clover Meadow,2621.280029,45.01787949,-111.8455963,Montana,9/24/2022,0,SW_Mont,0,0
SNOTEL:424_ID_SNTL,Crab Creek,2103.120117,44.43700027,-111.9938431,Idaho,9/24/2022,0,SW_Mont,0,0
SNOTEL:448_MT_SNTL,Divide,2377.439941,44.79317093,-112.0564499,Montana,9/24/2022,0,SW_Mont,0,0
SNOTEL:568_MT_SNTL,Lakeview Ridge,2255.52002,44.58906937,-111.8249817,Montana,9/24/2022,0,SW_Mont,0,0
SNOTEL:590_MT_SNTL,Lone Mountain,2706.624023,45.27412033,-111.426918,Montana,9/24/2022,0,SW_Mont,0,0
SNOTEL:603_MT_SNTL,Lower Twin,2407.919922,45.50870895,-111.9228821,Montana,9/24/2022,0,SW_Mont,0,0
SNOTEL:741_ID_SNTL,Sedgwick Peak,2392.679932,42.52497101,-111.9563522,Idaho,9/24/2022,0,SW_Mont,0,0
SNOTEL:749_ID_SNTL,Sheep Mtn.,2026.920044,43.21030045,-111.6879196,Idaho,9/24/2022,0,SW_Mont,0,0
SNOTEL:761_ID_SNTL,Slug Creek Divide,2202.179932,42.56248093,-111.2979736,Idaho,9/24/2022,0,SW_Mont,0,0
SNOTEL:770_ID_SNTL,Somsen Ranch,2072.639893,42.95275116,-111.3593292,Idaho,9/24/2022,0,SW_Mont,0,0
SNOTEL:858_MT_SNTL,Whiskey Creek,2072.639893,44.61088181,-111.1499786,Montana,9/24/2022,0,SW_Mont,0,0
SNOTEL:924_MT_SNTL,West Yellowstone,2042.160034,44.65866089,-111.0919876,Montana,9/24/2022,0,SW_Mont,0,0
SNOTEL:1058_CO_SNTL,Grayback,3541.775879,37.47032928,-106.5378265,Colorado,9/24/2022,0,SW_Co_Rockies,0,0
SNOTEL:1124_CO_SNTL,Moon Pass,3395.471924,37.96660995,-106.5583725,Colorado,9/24/2022,0,SW_Co_Rockies,0,0
SNOTEL:1128_CO_SNTL,Sargents Mesa,3514.343994,38.28554916,-106.3706894,Colorado,9/24/2022,0,SW_Co_Rockies,0,0
SNOTEL:1160_CO_SNTL,Weminuche Creek,3273.552002,37.51976013,-107.3215179,Colorado,9/24/2022,0,SW_Co_Rockies,0,0
SNOTEL:1185_CO_SNTL,Black Mesa,3529.583984,37.78971863,-108.1836472,Colorado,9/24/2022,0,SW_Co_Rockies,0,0
SNOTEL:327_CO_SNTL,Beartown,3535.679932,37.71408844,-107.5121231,Colorado,9/24/2022,0,SW_Co_Rockies,0,0
SNOTEL:386_CO_SNTL,Cascade,2706.624023,37.65082932,-107.8060226,Colorado,9/24/2022,0,SW_Co_Rockies,0,0
SNOTEL:387_CO_SNTL,Cascade #2,2718.815918,37.65800095,-107.802681,Colorado,9/24/2022,0,SW_Co_Rockies,0,0
SNOTEL:431_CO_SNTL,Cumbres Trestle,3060.191895,37.01877975,-106.4517899,Colorado,9/24/2022,0,SW_Co_Rockies,0,0
SNOTEL:465_CO_SNTL,El Diente Peak,3048,37.78617096,-108.021553,Colorado,9/24/2022,0,SW_Co_Rockies,0,0
SNOTEL:580_CO_SNTL,Lily Pond,3352.800049,37.37929153,-106.5483475,Colorado,9/24/2022,0,SW_Co_Rockies,0,0
SNOTEL:589_CO_SNTL,Lone Cone,2926.080078,37.89183044,-108.1954422,Colorado,9/24/2022,0,SW_Co_Rockies,0,0
SNOTEL:629_CO_SNTL,Mineral Creek,3060.191895,37.84746933,-107.7265701,Colorado,9/24/2022,0,SW_Co_Rockies,0,0
SNOTEL:713_CO_SNTL,Red Mountain Pass,3413.76001,37.89179993,-107.7134171,Colorado,9/24/2022,0,SW_Co_Rockies,0,0
SNOTEL:739_CO_SNTL,Scotch Creek,2773.679932,37.64556122,-108.0078583,Colorado,9/24/2022,0,SW_Co_Rockies,0,0
SNOTEL:762_CO_SNTL,Slumgullion,3523.488037,37.99079895,-107.20327,Colorado,9/24/2022,0,SW_Co_Rockies,0,0
SNOTEL:780_CO_SNTL,Spud Mountain,3249.167969,37.6986618,-107.777153,Colorado,9/24/2022,0,SW_Co_Rockies,0,0
SNOTEL:797_CO_SNTL,Stump Lakes,3413.76001,37.47621155,-107.6329498,Colorado,9/24/2022,0,SW_Co_Rockies,0,0
SNOTEL:839_CO_SNTL,Upper Rio Grande,2865.120117,37.72193909,-107.2601471,Colorado,9/24/2022,0,SW_Co_Rockies,0,0
SNOTEL:840_CO_SNTL,Upper San Juan,3108.959961,37.48575974,-106.83535,Colorado,9/24/2022,0,SW_Co_Rockies,0,0
SNOTEL:874_CO_SNTL,Wolf Creek Summit,3352.800049,37.47922134,-106.8016968,Colorado,9/24/2022,0,SW_Co_Rockies,0,0
SNOTEL:904_CO_SNTL,Columbus Basin,3287.268066,37.4414711,-108.0244522,Colorado,9/24/2022,0,SW_Co_Rockies,0,0
SNOTEL:905_CO_SNTL,Mancos,3048,37.43087006,-108.1695404,Colorado,9/24/2022,0,SW_Co_Rockies,0,0
SNOTEL:1010_OR_SNTL,Crazyman Flat,1883.66394,42.63809967,-120.949173,Oregon,9/24/2022,0,GBasin,0,0
SNOTEL:1065_UT_SNTL,Gutz Peak,2061.362305,37.49617004,-113.9423523,Utah,9/24/2022,0,GBasin,0,0
SNOTEL:1066_UT_SNTL,Gardner Peak,2536.545654,37.40082932,-113.459877,Utah,9/24/2022,0,GBasin,0,0
SNOTEL:1110_NV_SNTL,Rainbow Canyon,2395.728027,36.2492981,-115.6297226,Nevada,9/24/2022,0,GBasin,0,0
SNOTEL:1111_NV_SNTL,Bristlecone Trail,2709.672119,36.31575012,-115.6954269,Nevada,9/24/2022,0,GBasin,0,0
SNOTEL:1136_NV_SNTL,Toe Jam,2346.959961,41.31869888,-116.3407974,Nevada,9/24/2022,0,GBasin,0,0
SNOTEL:1146_UT_SNTL,Oak Creek,2392.679932,39.3484993,-112.3263931,Utah,9/24/2022,0,GBasin,0,0
SNOTEL:1147_NV_SNTL,Wheeler Peak,3066.288086,39.00994873,-114.3102112,Nevada,9/24/2022,0,GBasin,0,0
SNOTEL:1150_NV_SNTL,Kalamazoo,2369.820068,39.55789948,-114.6276169,Nevada,9/24/2022,0,GBasin,0,0
SNOTEL:1152_NV_SNTL,Cave Mountain,3224.174316,39.16336823,-114.6132965,Nevada,9/24/2022,0,GBasin,0,0
SNOTEL:1155_NV_SNTL,Bird Creek,2297.277588,39.46138,-114.6486282,Nevada,9/24/2022,0,GBasin,0,0
SNOTEL:1195_NV_SNTL,Golconda,2016.556763,40.88357925,-117.5881195,Nevada,9/24/2022,0,GBasin,0,0
SNOTEL:1214_UT_SNTL,Bevans Cabin,1987.296021,40.4618187,-112.252327,Utah,9/24/2022,0,GBasin,0,0
SNOTEL:1243_NV_SNTL,Dry Creek,1997.963989,40.86380005,-115.2201385,Nevada,9/24/2022,0,GBasin,0,0
SNOTEL:1244_NV_SNTL,Pole Canyon,2365.248047,40.8629303,-115.1206665,Nevada,9/24/2022,0,GBasin,0,0
SNOTEL:1247_UT_SNTL,Takka Wiiya,2780.385498,39.74103928,-113.9826202,Utah,9/24/2022,0,GBasin,0,0
SNOTEL:1262_NV_SNTL,Fry Canyon,2072.030518,41.57022095,-115.9364471,Nevada,9/24/2022,0,GBasin,0,0
SNOTEL:1272_NV_SNTL,ONeil Creek,1987.296021,41.86420059,-115.0831604,Nevada,9/24/2022,0,GBasin,0,0
SNOTEL:2029_ID_SNTL,Reynolds Creek,1706.880005,43.28863144,-116.8431015,Idaho,9/24/2022,0,GBasin,0,0
SNOTEL:321_NV_SNTL,Bear Creek,2450.592041,41.83383942,-115.4527817,Nevada,9/24/2022,0,GBasin,0,0
SNOTEL:334_NV_SNTL,Berry Creek,2858.109619,39.31917191,-114.6227798,Nevada,9/24/2022,0,GBasin,0,0
SNOTEL:336_NV_SNTL,Big Bend,2102.510498,41.7616806,-115.6931,Nevada,9/24/2022,0,GBasin,0,0
SNOTEL:337_NV_SNTL,Big Creek Sum,2647.187988,39.29148102,-117.1150589,Nevada,9/24/2022,0,GBasin,0,0
SNOTEL:373_NV_SNTL,Buckskin Lower,2112.263916,41.75067139,-117.5318222,Nevada,9/24/2022,0,GBasin,0,0
SNOTEL:417_NV_SNTL,Corral Canyon,2574.035889,40.27550888,-115.5401688,Nevada,9/24/2022,0,GBasin,0,0
SNOTEL:476_NV_SNTL,Fawn Creek,2143.048828,41.82098007,-116.101532,Nevada,9/24/2022,0,GBasin,0,0
SNOTEL:477_OR_SNTL,Fish Creek,2334.768066,42.70991898,-118.632103,Oregon,9/24/2022,0,GBasin,0,0
SNOTEL:498_NV_SNTL,Granite Peak,2591.714355,41.6703186,-117.5666809,Nevada,9/24/2022,0,GBasin,0,0
SNOTEL:503_NV_SNTL,Green Mountain,2494.788086,40.38479996,-115.5275726,Nevada,9/24/2022,0,GBasin,0,0
SNOTEL:548_NV_SNTL,Jack Creek Upper,2248.509521,41.54674911,-116.0051727,Nevada,9/24/2022,0,GBasin,0,0
SNOTEL:549_NV_SNTL,Jacks Peak,2567.635254,41.5135994,-116.0117035,Nevada,9/24/2022,0,GBasin,0,0
SNOTEL:569_NV_SNTL,Lamance Creek,1949.196045,41.51541901,-117.6319733,Nevada,9/24/2022,0,GBasin,0,0
SNOTEL:570_NV_SNTL,Lamoille #3,2453.944824,40.64479828,-115.3812027,Nevada,9/24/2022,0,GBasin,0,0
SNOTEL:583_UT_SNTL,Little Grassy,1848.612061,37.48630905,-113.8458176,Utah,9/24/2022,0,GBasin,0,0
SNOTEL:592_UT_SNTL,Long Flat,2432.913574,37.51255035,-113.3966064,Utah,9/24/2022,0,GBasin,0,0
SNOTEL:610_ID_SNTL,Magic Mountain,2097.023926,42.18072128,-114.2866211,Idaho,9/24/2022,0,GBasin,0,0
SNOTEL:654_ID_SNTL,Mud Flat,1746.504028,42.60039902,-116.5592499,Idaho,9/24/2022,0,GBasin,0,0
SNOTEL:677_ID_SNTL,Oxford Spring,2054.352051,42.26015091,-112.1251526,Idaho,9/24/2022,0,GBasin,0,0
SNOTEL:698_NV_SNTL,Pole Creek R.S.,2548.12793,41.87255096,-115.2471313,Nevada,9/24/2022,0,GBasin,0,0
SNOTEL:706_OR_SNTL,Quartz Mountain,1743.456055,42.31922913,-120.8253326,Oregon,9/24/2022,0,GBasin,0,0
SNOTEL:723_UT_SNTL,Rocky Basin-Settleme,2652.979248,40.44292831,-112.2237701,Utah,9/24/2022,0,GBasin,0,0
SNOTEL:746_NV_SNTL,Seventysix Creek,2240.280029,41.73731995,-115.4721527,Nevada,9/24/2022,0,GBasin,0,0
SNOTEL:794_OR_SNTL,Strawberry,1758.696045,42.12586975,-120.8360977,Oregon,9/24/2022,0,GBasin,0,0
SNOTEL:811_NV_SNTL,Taylor Canyon,1927.859985,41.22869873,-116.0292969,Nevada,9/24/2022,0,GBasin,0,0
SNOTEL:844_UT_SNTL,Vernon Creek,2255.824707,39.9366684,-112.4147797,Utah,9/24/2022,0,GBasin,0,0
SNOTEL:849_NV_SNTL,Ward Mountain,2804.159912,39.13241959,-114.9557495,Nevada,9/24/2022,0,GBasin,0,0
SNOTEL:871_ID_SNTL,Wilson Creek,2170.176025,42.01256943,-115.0027771,Idaho,9/24/2022,0,GBasin,0,0
SNOTEL:906_UT_SNTL,Dry Fork,2161.946289,40.56533051,-112.1734314,Utah,9/24/2022,0,GBasin,0,0
SNOTEL:1013_UT_SNTL,Temple Fork,2257.348877,41.79299927,-111.546051,Utah,9/24/2022,0,N_Wasatch,0,0
SNOTEL:1039_UT_SNTL,Cascade Mountain,2369.515137,40.28300095,-111.6099167,Utah,9/24/2022,0,N_Wasatch,0,0
SNOTEL:1054_UT_SNTL,Farmington Lower,2066.239258,40.99200058,-111.8170166,Utah,9/24/2022,0,N_Wasatch,0,0
SNOTEL:1098_UT_SNTL,Usu Doc Daniel,2520.696045,41.86425018,-111.5060272,Utah,9/24/2022,0,N_Wasatch,0,0
SNOTEL:1113_UT_SNTL,Tony Grove RS,1929.993652,41.88573074,-111.5691833,Utah,9/24/2022,0,N_Wasatch,0,0
SNOTEL:1114_UT_SNTL,Garden City Summit,2348.483887,41.92150116,-111.4692993,Utah,9/24/2022,0,N_Wasatch,0,0
SNOTEL:1115_UT_SNTL,Klondike Narrows,2209.800049,41.96768951,-111.5971298,Utah,9/24/2022,0,N_Wasatch,0,0
SNOTEL:1135_UT_SNTL,Burts Miller Ranch,2438.399902,40.9849205,-110.8507538,Utah,9/24/2022,0,N_Wasatch,0,0
SNOTEL:1162_UT_SNTL,Blacks Fork Jct,2703.27124,40.95814133,-110.5828018,Utah,9/24/2022,0,N_Wasatch,0,0
SNOTEL:1192_UT_SNTL,Buck Pasture,2935.833496,40.84455872,-110.6606827,Utah,9/24/2022,0,N_Wasatch,0,0
SNOTEL:1223_UT_SNTL,Hobble Creek,2248.509521,40.18537903,-111.3597107,Utah,9/24/2022,0,N_Wasatch,0,0
SNOTEL:1225_UT_SNTL,Redden Mine Lwr,2600.553711,40.67504883,-111.2176514,Utah,9/24/2022,0,N_Wasatch,0,0
SNOTEL:330_UT_SNTL,Beaver Divide,2523.743896,40.61233139,-111.0978165,Utah,9/24/2022,0,N_Wasatch,0,0
SNOTEL:332_UT_SNTL,Ben Lomond Peak,2343.607178,41.37602997,-111.9440536,Utah,9/24/2022,0,N_Wasatch,0,0
SNOTEL:333_UT_SNTL,Ben Lomond Trail,1820.265625,41.38291168,-111.9210281,Utah,9/24/2022,0,N_Wasatch,0,0
SNOTEL:366_UT_SNTL,Brighton,2671.876709,40.59936142,-111.5816727,Utah,9/24/2022,0,N_Wasatch,0,0
SNOTEL:368_UT_SNTL,Brown Duck,3222.955078,40.58102036,-110.5858688,Utah,9/24/2022,0,N_Wasatch,0,0
SNOTEL:392_UT_SNTL,Chalk Creek #1,2795.320801,40.85464096,-111.0476532,Utah,9/24/2022,0,N_Wasatch,0,0
SNOTEL:393_UT_SNTL,Chalk Creek #2,2501.79834,40.88528824,-111.0695419,Utah,9/24/2022,0,N_Wasatch,0,0
SNOTEL:396_UT_SNTL,Chepeta,3200.095215,40.77457809,-110.010498,Utah,9/24/2022,0,N_Wasatch,0,0
SNOTEL:432_UT_SNTL,Currant Creek,2412.491943,40.35747147,-111.0899277,Utah,9/24/2022,0,N_Wasatch,0,0
SNOTEL:455_UT_SNTL,Dry Bread Pond,2530.449707,41.41289139,-111.5376968,Utah,9/24/2022,0,N_Wasatch,0,0
SNOTEL:474_UT_SNTL,Farmington,2408.529541,40.97462082,-111.8097534,Utah,9/24/2022,0,N_Wasatch,0,0
SNOTEL:481_UT_SNTL,Five Points Lake,3335.426514,40.71784973,-110.4672089,Utah,9/24/2022,0,N_Wasatch,0,0
SNOTEL:484_ID_SNTL,Franklin Basin,2481.072021,42.05049896,-111.6011963,Idaho,9/24/2022,0,N_Wasatch,0,0
SNOTEL:493_ID_SNTL,Giveout,2112.263916,42.41320038,-111.1662979,Idaho,9/24/2022,0,N_Wasatch,0,0
SNOTEL:509_WY_SNTL,Hams Fork,2389.63208,42.14599991,-110.6783295,Wyoming,9/24/2022,0,N_Wasatch,0,0
SNOTEL:521_UT_SNTL,Hewinta,2895.600098,40.9500885,-110.4841919,Utah,9/24/2022,0,N_Wasatch,0,0
SNOTEL:522_UT_SNTL,Hickerson Park,2780.385498,40.90663147,-109.9628677,Utah,9/24/2022,0,N_Wasatch,0,0
SNOTEL:528_UT_SNTL,Hole-in-Rock,2794.406494,40.92166901,-110.1862335,Utah,9/24/2022,0,N_Wasatch,0,0
SNOTEL:533_UT_SNTL,Horse Ridge,2499.055176,41.3137207,-111.4462433,Utah,9/24/2022,0,N_Wasatch,0,0
SNOTEL:554_WY_SNTL,Kelley R.S.,2493.263916,42.26554108,-110.8017731,Wyoming,9/24/2022,0,N_Wasatch,0,0
SNOTEL:559_UT_SNTL,Kings Cabin,2660.294434,40.71632004,-109.5440063,Utah,9/24/2022,0,N_Wasatch,0,0
SNOTEL:566_UT_SNTL,Lakefork #1,3087.014404,40.59709167,-110.4331589,Utah,9/24/2022,0,N_Wasatch,0,0
SNOTEL:579_UT_SNTL,Lily Lake,2783.738281,40.8649292,-110.7981262,Utah,9/24/2022,0,N_Wasatch,0,0
SNOTEL:582_UT_SNTL,Little Bear,1995.830444,41.40562057,-111.8260727,Utah,9/24/2022,0,N_Wasatch,0,0
SNOTEL:596_UT_SNTL,Lookout Peak,2487.4729,40.83731079,-111.7096481,Utah,9/24/2022,0,N_Wasatch,0,0
SNOTEL:628_UT_SNTL,Mill-D North,2731.922363,40.65882874,-111.6368332,Utah,9/24/2022,0,N_Wasatch,0,0
SNOTEL:643_UT_SNTL,Mosby Mtn.,2911.754395,40.60797882,-109.8880997,Utah,9/24/2022,0,N_Wasatch,0,0
SNOTEL:684_UT_SNTL,Parleys Summit,2311.907959,40.76184082,-111.6291733,Utah,9/24/2022,0,N_Wasatch,0,0
SNOTEL:720_UT_SNTL,Rock Creek,2403.652832,40.54875183,-110.6929169,Utah,9/24/2022,0,N_Wasatch,0,0
SNOTEL:763_UT_SNTL,Smith  Morehouse,2325.928711,40.78931046,-111.0919189,Utah,9/24/2022,0,N_Wasatch,0,0
SNOTEL:765_WY_SNTL,Snider Basin,2456.687988,42.49489975,-110.5320282,Wyoming,9/24/2022,0,N_Wasatch,0,0
SNOTEL:790_UT_SNTL,Steel Creek Park,3096.158447,40.90861893,-110.5046234,Utah,9/24/2022,0,N_Wasatch,0,0
SNOTEL:795_UT_SNTL,Strawberry Divide,2475.890381,40.16482925,-111.2066498,Utah,9/24/2022,0,N_Wasatch,0,0
SNOTEL:814_UT_SNTL,Thaynes Canyon,2813.303955,40.62350082,-111.5332184,Utah,9/24/2022,0,N_Wasatch,0,0
SNOTEL:820_UT_SNTL,Timpanogos Divide,2481.072021,40.42816925,-111.616333,Utah,9/24/2022,0,N_Wasatch,0,0
SNOTEL:823_UT_SNTL,Tony Grove Lake,2582.875244,41.89833069,-111.62957,Utah,9/24/2022,0,N_Wasatch,0,0
SNOTEL:833_UT_SNTL,Trout Creek,2901.086426,40.73899841,-109.6727982,Utah,9/24/2022,0,N_Wasatch,0,0
SNOTEL:896_UT_SNTL,Hardscrabble,2209.800049,40.86832809,-111.7186508,Utah,9/24/2022,0,N_Wasatch,0,0
SNOTEL:972_UT_SNTL,Louis Meadow,2042.160034,40.8303299,-111.7645721,Utah,9/24/2022,0,N_Wasatch,0,0
SNOTEL:992_UT_SNTL,Bear River RS,2675.229492,40.8852005,-110.8276978,Utah,9/24/2022,0,N_Wasatch,0,0
SNOTEL:1011_WA_SNTL,MF Nooksack,1514.855957,48.82453156,-121.929512,Washington,9/24/2022,0,N_Cascade,0,0
SNOTEL:1012_WA_SNTL,Swift Creek,1353.312012,46.16379929,-122.184021,Washington,9/24/2022,0,N_Cascade,0,0
SNOTEL:1068_WA_SNTL,Sawmill Ridge,1414.271973,47.15991974,-121.4217224,Washington,9/24/2022,0,N_Cascade,0,0
SNOTEL:1085_WA_SNTL,Cayuse Pass,1597.151978,46.86954117,-121.5343018,Washington,9/24/2022,0,N_Cascade,0,0
SNOTEL:1104_WA_SNTL,Pepper Creek,652.2719727,46.10242081,-121.9555511,Washington,9/24/2022,0,N_Cascade,0,0
SNOTEL:1171_WA_SNTL,Trinity,893.0640259,48.0746994,-120.8492966,Washington,9/24/2022,0,N_Cascade,0,0
SNOTEL:1257_WA_SNTL,Skate Creek,1149.095947,46.64336014,-121.8304367,Washington,9/24/2022,0,N_Cascade,0,0
SNOTEL:1259_WA_SNTL,Muckamuck,1362.456055,48.58525848,-119.8662415,Washington,9/24/2022,0,N_Cascade,0,0
SNOTEL:1263_WA_SNTL,Pinto Rock,1353.312012,46.32318115,-121.9421921,Washington,9/24/2022,0,N_Cascade,0,0
SNOTEL:375_WA_SNTL,Bumping Ridge,1405.128052,46.81003189,-121.3305817,Washington,9/24/2022,0,N_Cascade,0,0
SNOTEL:418_WA_SNTL,Corral Pass,1767.839966,47.01871872,-121.4646378,Washington,9/24/2022,0,N_Cascade,0,0
SNOTEL:420_WA_SNTL,Cougar Mountain,975.3599854,47.27666092,-121.6713791,Washington,9/24/2022,0,N_Cascade,0,0
SNOTEL:478_WA_SNTL,Fish Lake,1045.463989,47.53564835,-121.0855331,Washington,9/24/2022,0,N_Cascade,0,0
SNOTEL:507_WA_SNTL,Grouse Camp,1642.871948,47.28107071,-120.487709,Washington,9/24/2022,0,N_Cascade,0,0
SNOTEL:553_WA_SNTL,June Lake,1048.511963,46.14778137,-122.154129,Washington,9/24/2022,0,N_Cascade,0,0
SNOTEL:591_WA_SNTL,Lone Pine,1197.864014,46.27143097,-121.962883,Washington,9/24/2022,0,N_Cascade,0,0
SNOTEL:606_WA_SNTL,Lyman Lake,1822.703979,48.19797897,-120.9167786,Washington,9/24/2022,0,N_Cascade,0,0
SNOTEL:642_WA_SNTL,Morse Lake,1648.968018,46.90584946,-121.4826965,Washington,9/24/2022,0,N_Cascade,0,0
SNOTEL:672_WA_SNTL,Olallie Meadows,1228.343994,47.37406158,-121.442131,Washington,9/24/2022,0,N_Cascade,0,0
SNOTEL:681_WA_SNTL,Park Creek Ridge,1402.079956,48.44488144,-120.9155121,Washington,9/24/2022,0,N_Cascade,0,0
SNOTEL:699_WA_SNTL,Pope Ridge,1094.232056,47.99089813,-120.5662231,Washington,9/24/2022,0,N_Cascade,0,0
SNOTEL:702_WA_SNTL,Potato Hill,1374.647949,46.34962845,-121.5143509,Washington,9/24/2022,0,N_Cascade,0,0
SNOTEL:728_WA_SNTL,Salmon Meadows,1359.407959,48.65518188,-119.8383026,Washington,9/24/2022,0,N_Cascade,0,0
SNOTEL:734_WA_SNTL,Sasse Ridge,1322.832031,47.38484955,-121.0632324,Washington,9/24/2022,0,N_Cascade,0,0
SNOTEL:748_WA_SNTL,Sheep Canyon,1216.151978,46.19324875,-122.2539291,Washington,9/24/2022,0,N_Cascade,0,0
SNOTEL:777_WA_SNTL,Spirit Lake,1072.895996,46.26113129,-122.1772003,Washington,9/24/2022,0,N_Cascade,0,0
SNOTEL:791_WA_SNTL,Stevens Pass,1203.959961,47.74607086,-121.0928802,Washington,9/24/2022,0,N_Cascade,0,0
SNOTEL:804_WA_SNTL,Surprise Lakes,1307.592041,46.0949707,-121.7634506,Washington,9/24/2022,0,N_Cascade,0,0
SNOTEL:817_WA_SNTL,Thunder Basin,1316.735962,48.52753067,-120.989502,Washington,9/24/2022,0,N_Cascade,0,0
SNOTEL:832_WA_SNTL,Trough,1670.303955,47.23328018,-120.2941208,Washington,9/24/2022,0,N_Cascade,0,0
SNOTEL:841_WA_SNTL,Upper Wheeler,1319.784058,47.28733826,-120.3701477,Washington,9/24/2022,0,N_Cascade,0,0
SNOTEL:863_WA_SNTL,White Pass E.S.,1353.312012,46.64141846,-121.3815308,Washington,9/24/2022,0,N_Cascade,0,0
SNOTEL:897_WA_SNTL,Meadows Pass,984.5040283,47.2831192,-121.4719696,Washington,9/24/2022,0,N_Cascade,0,0
SNOTEL:899_WA_SNTL,Tinkham Creek,911.3519897,47.33198166,-121.4697495,Washington,9/24/2022,0,N_Cascade,0,0
SNOTEL:909_WA_SNTL,Wells Creek,1228.343994,48.86610031,-121.7897568,Washington,9/24/2022,0,N_Cascade,0,0
SNOTEL:911_WA_SNTL,Rex River,1161.287964,47.30218124,-121.6047516,Washington,9/24/2022,0,N_Cascade,0,0
SNOTEL:912_WA_SNTL,Skookum Creek,1008.888,47.68432999,-121.6100693,Washington,9/24/2022,0,N_Cascade,0,0
SNOTEL:941_WA_SNTL,Mowich,963.1680298,46.92832947,-121.9523163,Washington,9/24/2022,0,N_Cascade,0,0
SNOTEL:942_WA_SNTL,Burnt Mountain,1271.015991,47.04439926,-121.9403229,Washington,9/24/2022,0,N_Cascade,0,0
SNOTEL:975_WA_SNTL,Swamp Creek,1197.864014,48.57141876,-120.7826691,Washington,9/24/2022,0,N_Cascade,0,0
SNOTEL:990_WA_SNTL,Beaver Pass,1106.42395,48.87929916,-121.2555008,Washington,9/24/2022,0,N_Cascade,0,0
SNOTEL:998_WA_SNTL,Easy Pass,1606.296021,48.85932922,-121.4389496,Washington,9/24/2022,0,N_Cascade,0,0
SNOTEL:999_WA_SNTL,Marten Ridge,1072.895996,48.76292038,-121.6982269,Washington,9/24/2022,0,N_Cascade,0,0
SNOTEL:1099_UT_SNTL,Jones Corral,2971.495117,38.07125092,-112.1678772,Utah,9/24/2022,0,S_Wasatch,0,0
SNOTEL:1148_UT_SNTL,Panguitch Lake RS,2545.080078,37.70463181,-112.6503677,Utah,9/24/2022,0,S_Wasatch,0,0
SNOTEL:1149_UT_SNTL,Fish Lake Utah,2681.630371,38.50455093,-111.7669296,Utah,9/24/2022,0,S_Wasatch,0,0
SNOTEL:1154_UT_SNTL,Brian Head,3059.887207,37.67993927,-112.8567429,Utah,9/24/2022,0,S_Wasatch,0,0
SNOTEL:1156_UT_SNTL,Box Springs,2812.694336,38.49745941,-112.0077896,Utah,9/24/2022,0,S_Wasatch,0,0
SNOTEL:1184_UT_SNTL,Gooseberry RS Up,2559.10083,38.78820038,-111.6889191,Utah,9/24/2022,0,S_Wasatch,0,0
SNOTEL:1197_UT_SNTL,Yankee Reservoir,2649.321533,37.74797058,-112.7749481,Utah,9/24/2022,0,S_Wasatch,0,0
SNOTEL:1215_UT_SNTL,Lasal Mountain-Lower,2677.05835,38.48167038,-109.2916412,Utah,9/24/2022,0,S_Wasatch,0,0
SNOTEL:1216_UT_SNTL,Huntington Horse,2941.929688,39.61774063,-111.3057632,Utah,9/24/2022,0,S_Wasatch,0,0
SNOTEL:1222_UT_SNTL,GBRC Meadows,3004.718506,39.30229187,-111.4538269,Utah,9/24/2022,0,S_Wasatch,0,0
SNOTEL:1224_UT_SNTL,Mt Baldy,2902.915283,39.13647842,-111.5052719,Utah,9/24/2022,0,S_Wasatch,0,0
SNOTEL:1226_UT_SNTL,Thistle Flat,2678.277588,39.23802948,-111.5199814,Utah,9/24/2022,0,S_Wasatch,0,0
SNOTEL:1227_UT_SNTL,Upper Joes Valley,2620.060791,39.41550064,-111.2490997,Utah,9/24/2022,0,S_Wasatch,0,0
SNOTEL:1228_UT_SNTL,Wrigley Creek,2842.869629,39.13233185,-111.3568497,Utah,9/24/2022,0,S_Wasatch,0,0
SNOTEL:1236_UT_SNTL,Corral,2501.493652,39.65795135,-110.3790588,Utah,9/24/2022,0,S_Wasatch,0,0
SNOTEL:1248_UT_SNTL,Suu Ranch,2453.639893,37.59711075,-112.9294891,Utah,9/24/2022,0,S_Wasatch,0,0
SNOTEL:1249_UT_SNTL,Sunflower Flat,3053.486328,38.04800034,-111.3398132,Utah,9/24/2022,0,S_Wasatch,0,0
SNOTEL:1261_UT_SNTL,Lonesome Beaver,2868.167969,38.06999969,-110.7724075,Utah,9/24/2022,0,S_Wasatch,0,0
SNOTEL:1269_UT_SNTL,Mt Pennell,2806.90332,37.97792816,-110.7932968,Utah,9/24/2022,0,S_Wasatch,0,0
SNOTEL:1278_UT_SNTL,Bobs Hollow,2840.431152,38.94569016,-112.1534882,Utah,9/24/2022,0,S_Wasatch,0,0
SNOTEL:1280_UT_SNTL,Santaquin Meadows,2388.10791,39.92076111,-111.7180176,Utah,9/24/2022,0,S_Wasatch,0,0
SNOTEL:329_UT_SNTL,Beaver Dams,2435.352051,39.13682938,-111.5581284,Utah,9/24/2022,0,S_Wasatch,0,0
SNOTEL:339_UT_SNTL,Big Flat,3154.375244,38.30183029,-112.35672,Utah,9/24/2022,0,S_Wasatch,0,0
SNOTEL:348_UT_SNTL,Black Flat-U.M. Ck,2869.387207,38.67990112,-111.5976486,Utah,9/24/2022,0,S_Wasatch,0,0
SNOTEL:364_UT_SNTL,Box Creek,3003.194336,38.50809097,-112.0185623,Utah,9/24/2022,0,S_Wasatch,0,0
SNOTEL:390_UT_SNTL,Castle Valley,2928.213623,37.66098022,-112.7409286,Utah,9/24/2022,0,S_Wasatch,0,0
SNOTEL:399_UT_SNTL,Clear Creek #1,2735.580078,39.86671066,-111.2836304,Utah,9/24/2022,0,S_Wasatch,0,0
SNOTEL:444_UT_SNTL,Dills Camp,2812.694336,39.04553986,-111.46875,Utah,9/24/2022,0,S_Wasatch,0,0
SNOTEL:452_UT_SNTL,Donkey Reservoir,2986.735107,38.20840073,-111.4741211,Utah,9/24/2022,0,S_Wasatch,0,0
SNOTEL:475_UT_SNTL,Farnsworth Lake,2933.090332,38.77246094,-111.6766205,Utah,9/24/2022,0,S_Wasatch,0,0
SNOTEL:495_UT_SNTL,Gooseberry RS,2421.331299,38.80033875,-111.6833267,Utah,9/24/2022,0,S_Wasatch,0,0
SNOTEL:514_UT_SNTL,Harris Flat,2375.001709,37.48997116,-112.5760193,Utah,9/24/2022,0,S_Wasatch,0,0
SNOTEL:543_UT_SNTL,Indian Canyon,2795.320801,39.89165878,-110.7460403,Utah,9/24/2022,0,S_Wasatch,0,0
SNOTEL:572_UT_SNTL,Lasal Mountain,2919.374512,38.48226166,-109.2719803,Utah,9/24/2022,0,S_Wasatch,0,0
SNOTEL:593_UT_SNTL,Long Valley Jct,2275.332031,37.48756027,-112.5145798,Utah,9/24/2022,0,S_Wasatch,0,0
SNOTEL:612_UT_SNTL,Mammoth-Cottonwood,2654.503174,39.68338013,-111.3181763,Utah,9/24/2022,0,S_Wasatch,0,0
SNOTEL:621_UT_SNTL,Merchant Valley,2653.283936,38.30284882,-112.4363708,Utah,9/24/2022,0,S_Wasatch,0,0
SNOTEL:626_UT_SNTL,Midway Valley,2995.269531,37.56932831,-112.8384933,Utah,9/24/2022,0,S_Wasatch,0,0
SNOTEL:686_UT_SNTL,Payson R.S.,2451.811279,39.92975998,-111.6310883,Utah,9/24/2022,0,S_Wasatch,0,0
SNOTEL:691_UT_SNTL,Pickle Keg,2749.295898,39.01219177,-111.5825882,Utah,9/24/2022,0,S_Wasatch,0,0
SNOTEL:694_UT_SNTL,Pine Creek,2662.123291,38.8818512,-112.2491531,Utah,9/24/2022,0,S_Wasatch,0,0
SNOTEL:714_UT_SNTL,Red Pine Ridge,2739.54248,39.45196915,-111.2722092,Utah,9/24/2022,0,S_Wasatch,0,0
SNOTEL:742_UT_SNTL,Seeley Creek,3018.739258,39.31042099,-111.4329681,Utah,9/24/2022,0,S_Wasatch,0,0
SNOTEL:864_UT_SNTL,White River #1,2633.776855,39.96450043,-110.9884491,Utah,9/24/2022,0,S_Wasatch,0,0
SNOTEL:865_UT_SNTL,Widtsoe #3,2938.271973,37.83633041,-111.8816299,Utah,9/24/2022,0,S_Wasatch,0,0
SNOTEL:907_UT_SNTL,Agua Canyon,2712.719971,37.52217102,-112.2711792,Utah,9/24/2022,0,S_Wasatch,0,0
SNOTEL:1048_NM_SNTL,Mcknight Cabin,2816.352051,33.00812149,-107.869751,New Mexico,9/24/2022,0,SW_Mtns,0,0
SNOTEL:1121_AZ_SNTL,Fort Valley,2240.280029,35.26805878,-111.7448578,Arizona,9/24/2022,0,SW_Mtns,0,0
SNOTEL:1127_AZ_SNTL,Nutrioso,2590.800049,33.89746857,-109.1551666,Arizona,9/24/2022,0,SW_Mtns,0,0
SNOTEL:1138_NM_SNTL,Navajo Whiskey Ck,2758.439941,36.17728043,-108.946907,New Mexico,9/24/2022,0,SW_Mtns,0,0
SNOTEL:1139_AZ_SNTL,Chalender,2164.080078,35.26247025,-112.0623093,Arizona,9/24/2022,0,SW_Mtns,0,0
SNOTEL:1140_AZ_SNTL,Baker Butte Smt,2346.959961,34.45547104,-111.3827209,Arizona,9/24/2022,0,SW_Mtns,0,0
SNOTEL:1143_AZ_SNTL,Beaver Spring,2804.159912,36.32677841,-109.0571136,Arizona,9/24/2022,0,SW_Mtns,0,0
SNOTEL:1271_AZ_SNTL,Hawley Lake,2529.840088,33.97142029,-109.7652817,Arizona,9/24/2022,0,SW_Mtns,0,0
SNOTEL:308_AZ_SNTL,Baker Butte,2225.040039,34.45660019,-111.4064331,Arizona,9/24/2022,0,SW_Mtns,0,0
SNOTEL:416_AZ_SNTL,Coronado Trail,2560.320068,33.80392075,-109.1528168,Arizona,9/24/2022,0,SW_Mtns,0,0
SNOTEL:486_NM_SNTL,Frisco Divide,2438.399902,33.73646164,-108.9450226,New Mexico,9/24/2022,0,SW_Mtns,0,0
SNOTEL:488_AZ_SNTL,Fry,2194.560059,35.07297134,-111.8437424,Arizona,9/24/2022,0,SW_Mtns,0,0
SNOTEL:519_AZ_SNTL,Heber,2328.672119,34.31201935,-110.7543106,Arizona,9/24/2022,0,SW_Mtns,0,0
SNOTEL:617_AZ_SNTL,Maverick Fork,2804.159912,33.92121124,-109.4588089,Arizona,9/24/2022,0,SW_Mtns,0,0
SNOTEL:640_AZ_SNTL,Mormon Mountain,2286,34.94108963,-111.5184937,Arizona,9/24/2022,0,SW_Mtns,0,0
SNOTEL:755_NM_SNTL,Signal Peak,2548.12793,32.92401123,-108.1453781,New Mexico,9/24/2022,0,SW_Mtns,0,0
SNOTEL:757_NM_SNTL,Silver Creek Divide,2743.199951,33.37105942,-108.7061768,New Mexico,9/24/2022,0,SW_Mtns,0,0
SNOTEL:861_AZ_SNTL,White Horse Lake,2188.464111,35.14202118,-112.149147,Arizona,9/24/2022,0,SW_Mtns,0,0
SNOTEL:877_AZ_SNTL,Workman Creek,2103.120117,33.81241989,-110.9177322,Arizona,9/24/2022,0,SW_Mtns,0,0
SNOTEL:902_AZ_SNTL,Beaver Head,2435.352051,33.69144058,-109.216568,Arizona,9/24/2022,0,SW_Mtns,0,0
SNOTEL:927_AZ_SNTL,Snowslide Canyon,2965.704102,35.34159851,-111.6505814,Arizona,9/24/2022,0,SW_Mtns,0,0
SNOTEL:1043_WA_SNTL,Sentinel Butte,1426.463989,48.86132813,-118.3984299,Washington,9/24/2022,0,E_WA_N_Id_W_Mont,0,0
SNOTEL:1053_ID_SNTL,Myrtle Creek,1072.895996,48.72262955,-116.4631195,Idaho,9/24/2022,0,E_WA_N_Id_W_Mont,0,0
SNOTEL:1144_MT_SNTL,Blacktail Mtn,1722.119995,47.98287964,-114.3543015,Montana,9/24/2022,0,E_WA_N_Id_W_Mont,0,0
SNOTEL:1159_WA_SNTL,Gold Axe Camp,1633.728027,48.95159912,-118.9863968,Washington,9/24/2022,0,E_WA_N_Id_W_Mont,0,0
SNOTEL:1256_WA_SNTL,Gold Mountain,1338.072021,48.18933868,-118.4559021,Washington,9/24/2022,0,E_WA_N_Id_W_Mont,0,0
SNOTEL:311_MT_SNTL,Banfield Mountain,1706.880005,48.57120132,-115.4457321,Montana,9/24/2022,0,E_WA_N_Id_W_Mont,0,0
SNOTEL:376_WA_SNTL,Bunchgrass Mdw,1524,48.6868782,-117.1763306,Washington,9/24/2022,0,E_WA_N_Id_W_Mont,0,0
SNOTEL:411_ID_SNTL,Cool Creek,1914.144043,46.76361084,-115.2952805,Idaho,9/24/2022,0,E_WA_N_Id_W_Mont,0,0
SNOTEL:466_ID_SNTL,Elk Butte,1734.312012,46.83998108,-116.1223297,Idaho,9/24/2022,0,E_WA_N_Id_W_Mont,0,0
SNOTEL:500_MT_SNTL,Grave Creek,1310.640015,48.91453171,-114.7666321,Montana,9/24/2022,0,E_WA_N_Id_W_Mont,0,0
SNOTEL:510_MT_SNTL,Hand Creek,1534.667969,48.30754089,-114.8407516,Montana,9/24/2022,0,E_WA_N_Id_W_Mont,0,0
SNOTEL:530_MT_SNTL,Hoodoo Basin,1844.040039,46.97510147,-115.0348969,Montana,9/24/2022,0,E_WA_N_Id_W_Mont,0,0
SNOTEL:535_ID_SNTL,Humboldt Gulch,1295.400024,47.53178024,-115.7764282,Idaho,9/24/2022,0,E_WA_N_Id_W_Mont,0,0
SNOTEL:588_ID_SNTL,Lolo Pass,1597.151978,46.63447952,-114.580719,Idaho,9/24/2022,0,E_WA_N_Id_W_Mont,0,0
SNOTEL:600_ID_SNTL,Lost Lake,1862.328003,47.08089828,-115.9604034,Idaho,9/24/2022,0,E_WA_N_Id_W_Mont,0,0
SNOTEL:623_ID_SNTL,Mica Creek,1374.647949,47.15045166,-116.2664337,Idaho,9/24/2022,0,E_WA_N_Id_W_Mont,0,0
SNOTEL:644_WA_SNTL,Moses Mtn,1527.047974,48.36162949,-119.0815887,Washington,9/24/2022,0,E_WA_N_Id_W_Mont,0,0
SNOTEL:645_ID_SNTL,Mosquito Ridge,1603.248047,48.05725861,-116.2305527,Idaho,9/24/2022,0,E_WA_N_Id_W_Mont,0,0
SNOTEL:738_ID_SNTL,Schweitzer Basin,1856.232056,48.37427902,-116.6391678,Idaho,9/24/2022,0,E_WA_N_Id_W_Mont,0,0
SNOTEL:752_ID_SNTL,Sherwin,975.3599854,46.95027924,-116.3397217,Idaho,9/24/2022,0,E_WA_N_Id_W_Mont,0,0
SNOTEL:787_MT_SNTL,Stahl Peak,1837.94397,48.90901947,-114.8629837,Montana,9/24/2022,0,E_WA_N_Id_W_Mont,0,0
SNOTEL:803_ID_SNTL,Sunset,1688.592041,47.55545044,-115.8242188,Idaho,9/24/2022,0,E_WA_N_Id_W_Mont,0,0
SNOTEL:824_WA_SNTL,Touchet,1685.543945,46.11867905,-117.850502,Washington,9/24/2022,0,E_WA_N_Id_W_Mont,0,0
SNOTEL:918_MT_SNTL,Garver Creek,1295.400024,48.97523117,-115.8191528,Montana,9/24/2022,0,E_WA_N_Id_W_Mont,0,0
SNOTEL:984_WA_SNTL,Spruce Springs,1737.359985,46.18286896,-117.5415497,Washington,9/24/2022,0,E_WA_N_Id_W_Mont,0,0
SNOTEL:988_ID_SNTL,Hidden Lake,1536.192017,48.89369965,-116.7574768,Idaho,9/24/2022,0,E_WA_N_Id_W_Mont,0,0
SNOTEL:989_ID_SNTL,Moscow Mountain,1432.560059,46.80500031,-116.8535004,Idaho,9/24/2022,0,E_WA_N_Id_W_Mont,0,0
SNOTEL:1015_WY_SNTL,Sage Creek Basin,2392.679932,41.40100098,-107.2571716,Wyoming,9/24/2022,0,S_Wyoming,0,0
SNOTEL:1045_WY_SNTL,Crow Creek,2538.983887,41.22869873,-105.382782,Wyoming,9/24/2022,0,S_Wyoming,0,0
SNOTEL:1046_WY_SNTL,Cinnabar Park,2918.155273,41.23836899,-106.2309494,Wyoming,9/24/2022,0,S_Wyoming,0,0
SNOTEL:1119_WY_SNTL,Blackhall Mtn,2993.135986,41.05615997,-106.7138367,Wyoming,9/24/2022,0,S_Wyoming,0,0
SNOTEL:1196_WY_SNTL,Med Bow,3200.399902,41.37833023,-106.3468094,Wyoming,9/24/2022,0,S_Wyoming,0,0
SNOTEL:317_WY_SNTL,Battle Mountain,2267.711914,41.05413055,-107.2660904,Wyoming,9/24/2022,0,S_Wyoming,0,0
SNOTEL:389_WY_SNTL,Casper Mtn.,2407.919922,42.73389053,-106.3186111,Wyoming,9/24/2022,0,S_Wyoming,0,0
SNOTEL:449_WY_SNTL,Divide Peak,2706.624023,41.30398178,-107.1524124,Wyoming,9/24/2022,0,S_Wyoming,0,0
SNOTEL:571_WY_SNTL,Laprele Creek,2552.699951,42.43582916,-105.8608322,Wyoming,9/24/2022,0,S_Wyoming,0,0
SNOTEL:673_WY_SNTL,Old Battle,3048,41.15396881,-106.969368,Wyoming,9/24/2022,0,S_Wyoming,0,0
SNOTEL:731_WY_SNTL,Sand Lake,3063.23999,41.46257019,-106.2810669,Wyoming,9/24/2022,0,S_Wyoming,0,0
SNOTEL:732_WY_SNTL,Sandstone RS,2484.120117,41.11172104,-107.1706009,Wyoming,9/24/2022,0,S_Wyoming,0,0
SNOTEL:852_WY_SNTL,Webber Springs,2819.399902,41.15945816,-106.9271393,Wyoming,9/24/2022,0,S_Wyoming,0,0
SNOTEL:859_WY_SNTL,Whiskey Park,2727.959961,41.00289154,-106.9084778,Wyoming,9/24/2022,0,S_Wyoming,0,0
SNOTEL:872_WY_SNTL,Windy Peak,2407.919922,42.28020096,-105.5781631,Wyoming,9/24/2022,0,S_Wyoming,0,0
SNOTEL:1005_CO_SNTL,Ute Creek,3246.120117,37.61497116,-105.3732681,Colorado,9/24/2022,0,SE_Co_Rockies,0,0
SNOTEL:1017_NM_SNTL,Vacas Locas,2836.46875,36.02634811,-106.8136215,New Mexico,9/24/2022,0,SE_Co_Rockies,0,0
SNOTEL:1168_NM_SNTL,Taos Powderhorn,3370.173584,36.58203125,-105.4561081,New Mexico,9/24/2022,0,SE_Co_Rockies,0,0
SNOTEL:1169_NM_SNTL,Shuree,3078.47998,36.78778076,-105.2399902,New Mexico,9/24/2022,0,SE_Co_Rockies,0,0
SNOTEL:1170_NM_SNTL,Palo,2849.879883,36.4084816,-105.3306274,New Mexico,9/24/2022,0,SE_Co_Rockies,0,0
SNOTEL:1172_NM_SNTL,San Antonio Sink,2773.679932,36.86220169,-106.2250214,New Mexico,9/24/2022,0,SE_Co_Rockies,0,0
SNOTEL:1254_NM_SNTL,Rio Santa Barbara,3250.387207,36.07191849,-105.6294708,New Mexico,9/24/2022,0,SE_Co_Rockies,0,0
SNOTEL:303_CO_SNTL,Apishapa,3048,37.33061981,-105.0674896,Colorado,9/24/2022,0,SE_Co_Rockies,0,0
SNOTEL:316_NM_SNTL,Bateman,2834.639893,36.51216125,-106.3212891,New Mexico,9/24/2022,0,SE_Co_Rockies,0,0
SNOTEL:430_CO_SNTL,Culebra #2,3200.399902,37.20944977,-105.1995926,Colorado,9/24/2022,0,SE_Co_Rockies,0,0
SNOTEL:491_NM_SNTL,Gallegos Peak,2987.040039,36.19446182,-105.5579529,New Mexico,9/24/2022,0,SE_Co_Rockies,0,0
SNOTEL:532_NM_SNTL,Hopewell,3048,36.71630859,-106.2634811,New Mexico,9/24/2022,0,SE_Co_Rockies,0,0
SNOTEL:665_NM_SNTL,North Costilla,3230.879883,36.99377823,-105.2596283,New Mexico,9/24/2022,0,SE_Co_Rockies,0,0
SNOTEL:708_NM_SNTL,Quemazon,2895.600098,35.92243958,-106.3920288,New Mexico,9/24/2022,0,SE_Co_Rockies,0,0
SNOTEL:715_NM_SNTL,Red River Pass #2,3002.280029,36.69924927,-105.3412476,New Mexico,9/24/2022,0,SE_Co_Rockies,0,0
SNOTEL:744_NM_SNTL,Senorita Divide #2,2621.280029,36.00197983,-106.8334808,New Mexico,9/24/2022,0,SE_Co_Rockies,0,0
SNOTEL:773_CO_SNTL,South Colony,3291.840088,37.96810913,-105.5378723,Colorado,9/24/2022,0,SE_Co_Rockies,0,0
SNOTEL:854_NM_SNTL,Wesner Springs,3389.375977,35.77555847,-105.5425034,New Mexico,9/24/2022,0,SE_Co_Rockies,0,0
SNOTEL:857_CO_SNTL,Whiskey Ck,3115.055908,37.21411133,-105.1224518,Colorado,9/24/2022,0,SE_Co_Rockies,0,0
SNOTEL:921_NM_SNTL,Elk Cabin,2502.407959,35.70429993,-105.8067474,New Mexico,9/24/2022,0,SE_Co_Rockies,0,0
SNOTEL:922_NM_SNTL,Santa Fe,3488.436035,35.76694107,-105.7833328,New Mexico,9/24/2022,0,SE_Co_Rockies,0,0
SNOTEL:1016_ID_SNTL,Long Valley,1490.472046,44.78834915,-116.0887833,Idaho,9/24/2022,0,Sawtooth,0,0
SNOTEL:1286_MT_SNTL,Slagamelt Lakes,2627.375977,45.36526108,-113.718338,Montana,9/24/2022,0,Sawtooth,0,0
SNOTEL:1287_MT_SNTL,Mom Creek,2682.23999,44.77664948,-113.1224518,Montana,9/24/2022,0,Sawtooth,0,0
SNOTEL:306_ID_SNTL,Atlanta Summit,2310.384033,43.75690079,-115.2390671,Idaho,9/24/2022,0,Sawtooth,0,0
SNOTEL:312_ID_SNTL,Banner Summit,2145.791992,44.30342102,-115.2344666,Idaho,9/24/2022,0,Sawtooth,0,0
SNOTEL:313_MT_SNTL,Barker Lakes,2514.600098,46.09712982,-113.1303787,Montana,9/24/2022,0,Sawtooth,0,0
SNOTEL:319_ID_SNTL,Bear Basin,1630.680054,44.95222092,-116.1429291,Idaho,9/24/2022,0,Sawtooth,0,0
SNOTEL:320_ID_SNTL,Bear Canyon,2407.919922,43.74367142,-113.937973,Idaho,9/24/2022,0,Sawtooth,0,0
SNOTEL:338_ID_SNTL,Big Creek Summit,1999.488037,44.62620926,-115.7956085,Idaho,9/24/2022,0,Sawtooth,0,0
SNOTEL:349_MT_SNTL,Black Pine,2197.60791,46.41400146,-113.4309464,Montana,9/24/2022,0,Sawtooth,0,0
SNOTEL:355_MT_SNTL,Bloody Dick,2316.47998,45.16506958,-113.5009918,Montana,9/24/2022,0,Sawtooth,0,0
SNOTEL:370_ID_SNTL,Brundage Reservoir,1905,45.04315186,-116.1325302,Idaho,9/24/2022,0,Sawtooth,0,0
SNOTEL:381_MT_SNTL,Calvert Creek,1959.864014,45.88380051,-113.325531,Montana,9/24/2022,0,Sawtooth,0,0
SNOTEL:410_MT_SNTL,Combination,1706.880005,46.46522903,-113.3935776,Montana,9/24/2022,0,Sawtooth,0,0
SNOTEL:423_ID_SNTL,Cozy Cove,1645.920044,44.28845978,-115.6550827,Idaho,9/24/2022,0,Sawtooth,0,0
SNOTEL:433_MT_SNTL,Daly Creek,1761.744019,46.18367004,-113.853302,Montana,9/24/2022,0,Sawtooth,0,0
SNOTEL:436_MT_SNTL,Darkhorse Lake,2726.436035,45.17367172,-113.5844803,Montana,9/24/2022,0,Sawtooth,0,0
SNOTEL:439_ID_SNTL,Deadwood Summit,2090.927979,44.54513931,-115.563797,Idaho,9/24/2022,0,Sawtooth,0,0
SNOTEL:450_ID_SNTL,Dollarhide Summit,2566.416016,43.60250092,-114.6741714,Idaho,9/24/2022,0,Sawtooth,0,0
SNOTEL:489_ID_SNTL,Galena,2276.855957,43.87722015,-114.6725006,Idaho,9/24/2022,0,Sawtooth,0,0
SNOTEL:490_ID_SNTL,Galena Summit,2676.144043,43.87496948,-114.7136307,Idaho,9/24/2022,0,Sawtooth,0,0
SNOTEL:520_ID_SNTL,Hemlock Butte,1770.887939,46.48110962,-115.6336136,Idaho,9/24/2022,0,Sawtooth,0,0
SNOTEL:524_ID_SNTL,Hilts Creek,2438.399902,44.01897049,-113.4722977,Idaho,9/24/2022,0,Sawtooth,0,0
SNOTEL:550_ID_SNTL,Jackson Peak,2154.936035,44.05091858,-115.443222,Idaho,9/24/2022,0,Sawtooth,0,0
SNOTEL:576_MT_SNTL,Lemhi Ridge,2468.879883,44.99380112,-113.4439926,Montana,9/24/2022,0,Sawtooth,0,0
SNOTEL:620_ID_SNTL,Meadow Lake,2788.919922,44.43655014,-113.3181534,Idaho,9/24/2022,0,Sawtooth,0,0
SNOTEL:627_ID_SNTL,Mill Creek Summit,2682.23999,44.47211838,-114.4899216,Idaho,9/24/2022,0,Sawtooth,0,0
SNOTEL:637_ID_SNTL,Mores Creek Summit,1859.280029,43.93199921,-115.6658783,Idaho,9/24/2022,0,Sawtooth,0,0
SNOTEL:650_ID_SNTL,Mountain Meadows,1926.33606,45.69694138,-115.2297211,Idaho,9/24/2022,0,Sawtooth,0,0
SNOTEL:662_MT_SNTL,Nez Perce Camp,1722.119995,45.73107147,-114.480751,Montana,9/24/2022,0,Sawtooth,0,0
SNOTEL:704_ID_SNTL,Prairie,1463.040039,43.50513077,-115.572998,Idaho,9/24/2022,0,Sawtooth,0,0
SNOTEL:727_MT_SNTL,Saddle Mtn.,2420.112061,45.69258881,-113.968277,Montana,9/24/2022,0,Sawtooth,0,0
SNOTEL:735_ID_SNTL,Savage Pass,1886.712036,46.46633148,-114.6333313,Idaho,9/24/2022,0,Sawtooth,0,0
SNOTEL:747_ID_SNTL,Shanghi Summit,1402.079956,46.56602859,-115.742157,Idaho,9/24/2022,0,Sawtooth,0,0
SNOTEL:782_ID_SNTL,Squaw Flat,1901.952026,44.77090836,-116.2480469,Idaho,9/24/2022,0,Sawtooth,0,0
SNOTEL:792_ID_SNTL,Stickney Mill,2264.664063,43.86117172,-114.2090225,Idaho,9/24/2022,0,Sawtooth,0,0
SNOTEL:805_ID_SNTL,Swede Peak,2328.672119,43.62599945,-113.9688721,Idaho,9/24/2022,0,Sawtooth,0,0
SNOTEL:830_ID_SNTL,Trinity Mtn.,2368.295898,43.62902832,-115.438179,Idaho,9/24/2022,0,Sawtooth,0,0
SNOTEL:835_MT_SNTL,Twelvemile Creek,1706.880005,46.14287186,-114.4475479,Montana,9/24/2022,0,Sawtooth,0,0
SNOTEL:845_ID_SNTL,Vienna Mine,2731.008057,43.7994194,-114.8527298,Idaho,9/24/2022,0,Sawtooth,0,0
SNOTEL:850_MT_SNTL,Warm Springs,2377.439941,46.27368164,-113.1640015,Montana,9/24/2022,0,Sawtooth,0,0
SNOTEL:895_ID_SNTL,Chocolate Gulch,1923.287964,43.76850128,-114.4181213,Idaho,9/24/2022,0,Sawtooth,0,0
SNOTEL:915_ID_SNTL,Schwartz Lake,2630.424072,44.84617996,-113.8373184,Idaho,9/24/2022,0,Sawtooth,0,0
SNOTEL:926_ID_SNTL,Smiley Mountain,2901.696045,43.72718048,-113.8340225,Idaho,9/24/2022,0,Sawtooth,0,0
SNOTEL:930_MT_SNTL,Peterson Meadows,2194.560059,46.1258812,-113.3079224,Montana,9/24/2022,0,Sawtooth,0,0
SNOTEL:978_ID_SNTL,Bogus Basin,1932.432007,43.76377106,-116.0968475,Idaho,9/24/2022,0,Sawtooth,0,0
CDEC:BFL,Big Flat,1554.48,41.077599,-122.94223,California,9/24/2022,0,Ca_Coast,0,0
CDEC:BNK,Bonanza King,1965.96,41.083118,-122.631271,California,9/24/2022,0,Ca_Coast,0,0
CDEC:PET,Peterson Flat,2179.32,41.302219,-122.527779,California,9/24/2022,0,Ca_Coast,0,0
CDEC:RRM,Red Rock Mountain,2042.16,41.023621,-122.886627,California,9/24/2022,0,Ca_Coast,0,0
CDEC:SCT,Scott Mountain,1798.32,41.272202,-122.719482,California,9/24/2022,0,Ca_Coast,0,0
CDEC:SHM,Shimmy Lake,1950.72,41.005299,-122.801598,California,9/24/2022,0,Ca_Coast,0,0
SNOTEL:1079_OR_SNTL,Milk Shakes,1700.784058,45.98210144,-117.9488297,Oregon,9/24/2022,0,E_Or,0,0
SNOTEL:1129_WA_SNTL,Indian Rock,1633.728027,45.99076843,-120.8076706,Washington,9/24/2022,0,E_Or,0,0
SNOTEL:1231_WA_SNTL,Satus Pass,1207.008057,45.98796844,-120.6773376,Washington,9/24/2022,0,E_Or,0,0
SNOTEL:302_OR_SNTL,Aneroid Lake #2,2255.52002,45.21327972,-117.1925812,Oregon,9/24/2022,0,E_Or,0,0
SNOTEL:304_OR_SNTL,Arbuckle Mtn,1758.696045,45.1908493,-119.2539215,Oregon,9/24/2022,0,E_Or,0,0
SNOTEL:324_ID_SNTL,Bear Saddle,1883.66394,44.60533142,-116.9809723,Idaho,9/24/2022,0,E_Or,0,0
SNOTEL:331_OR_SNTL,Beaver Reservoir,1569.719971,45.14532089,-118.2190018,Oregon,9/24/2022,0,E_Or,0,0
SNOTEL:422_OR_SNTL,County Line,1472.18396,45.19107056,-118.550148,Oregon,9/24/2022,0,E_Or,0,0
SNOTEL:464_OR_SNTL,Eilertson Meadows,1679.447998,44.86886978,-118.1138687,Oregon,9/24/2022,0,E_Or,0,0
SNOTEL:470_OR_SNTL,Emigrant Springs,1158.23999,45.55807877,-118.4538269,Oregon,9/24/2022,0,E_Or,0,0
SNOTEL:494_OR_SNTL,Gold Center,1648.968018,44.76380157,-118.3116989,Oregon,9/24/2022,0,E_Or,0,0
SNOTEL:523_OR_SNTL,High Ridge,1499.615967,45.69681931,-118.1065674,Oregon,9/24/2022,0,E_Or,0,0
SNOTEL:563_OR_SNTL,Lake Creek R.S.,1597.151978,44.21007156,-118.6375198,Oregon,9/24/2022,0,E_Or,0,0
SNOTEL:605_OR_SNTL,Lucky Strike,1514.855957,45.27478027,-118.8479004,Oregon,9/24/2022,0,E_Or,0,0
SNOTEL:647_OR_SNTL,Moss Springs,1755.647949,45.27172852,-117.6874695,Oregon,9/24/2022,0,E_Or,0,0
SNOTEL:671_OR_SNTL,Ochoco Meadows,1655.063965,44.4291687,-120.3311005,Oregon,9/24/2022,0,E_Or,0,0
SNOTEL:736_OR_SNTL,Schneider Meadows,1645.920044,45.00106812,-117.1652222,Oregon,9/24/2022,0,E_Or,0,0
SNOTEL:767_OR_SNTL,Snow Mountain,1898.904053,43.94884872,-119.5401306,Oregon,9/24/2022,0,E_Or,0,0
SNOTEL:812_OR_SNTL,Taylor Green,1749.552002,45.07706833,-117.5506668,Oregon,9/24/2022,0,E_Or,0,0
SNOTEL:855_ID_SNTL,West Branch,1694.687988,45.07220078,-116.4541321,Idaho,9/24/2022,0,E_Or,0,0
SNOTEL:873_OR_SNTL,Wolf Creek,1716.024048,45.06703186,-118.1519165,Oregon,9/24/2022,0,E_Or,0,0
SNOTEL:1009_MT_SNTL,Stringer Creek,1996.439941,46.92689896,-110.9019775,Montana,9/24/2022,0,N_Yellowstone,0,0
SNOTEL:360_MT_SNTL,Boulder Mountain,2423.159912,46.55960083,-111.2897263,Montana,9/24/2022,0,N_Yellowstone,0,0
SNOTEL:365_MT_SNTL,Brackett Creek,2231.135986,45.89107132,-110.9385071,Montana,9/24/2022,0,N_Yellowstone,0,0
SNOTEL:437_MT_SNTL,Deadman Creek,1965.959961,46.79278946,-110.6754532,Montana,9/24/2022,0,N_Yellowstone,0,0
SNOTEL:487_MT_SNTL,Frohner Meadow,1975.104004,46.43545151,-112.1927719,Montana,9/24/2022,0,N_Yellowstone,0,0
SNOTEL:690_MT_SNTL,Pickfoot Creek,2026.920044,46.57978058,-111.2683182,Montana,9/24/2022,0,N_Yellowstone,0,0
SNOTEL:700_MT_SNTL,Porcupine,1981.199951,46.1119194,-110.4695969,Montana,9/24/2022,0,N_Yellowstone,0,0
SNOTEL:781_MT_SNTL,Spur Park,2468.879883,46.77962112,-110.6216507,Montana,9/24/2022,0,N_Yellowstone,0,0
SNOTEL:917_MT_SNTL,Rocky Boy,1432.560059,48.1747818,-109.6472778,Montana,9/24/2022,0,N_Yellowstone,0,0
SNOTEL:919_MT_SNTL,Daisy Peak,2316.47998,46.6685791,-110.3302231,Montana,9/24/2022,0,N_Yellowstone,0,0
SNOTEL:929_MT_SNTL,Sacajawea,1996.439941,45.87395096,-110.9278336,Montana,9/24/2022,0,N_Yellowstone,0,0
SNOTEL:1000_OR_SNTL,Annie Springs,1831.848022,42.87007141,-122.1651764,Oregon,9/24/2022,0,S_Cascade,0,0
SNOTEL:1044_OR_SNTL,Toketee Airstrip,987.552002,43.22718048,-122.4253693,Oregon,9/24/2022,0,S_Cascade,0,0
SNOTEL:1077_OR_SNTL,Swan Lake Mtn,2081.783936,42.4132309,-121.6800232,Oregon,9/24/2022,0,S_Cascade,0,0
SNOTEL:1109_WA_SNTL,Calamity,762,45.90362167,-122.2163315,Washington,9/24/2022,0,S_Cascade,0,0
SNOTEL:1166_OR_SNTL,Bear Grass,1438.656006,44.32529831,-122.0938034,Oregon,9/24/2022,0,S_Cascade,0,0
SNOTEL:1167_OR_SNTL,Smith Ridge,996.6959839,44.30324936,-122.0405273,Oregon,9/24/2022,0,S_Cascade,0,0
SNOTEL:344_OR_SNTL,Billie Creek Divide,1609.343994,42.40716934,-122.2661667,Oregon,9/24/2022,0,S_Cascade,0,0
SNOTEL:388_OR_SNTL,Cascade Summit,1554.47998,43.59041977,-122.0600967,Oregon,9/24/2022,0,S_Cascade,0,0
SNOTEL:398_OR_SNTL,Clackamas Lake,1036.319946,45.09658051,-121.7544327,Oregon,9/24/2022,0,S_Cascade,0,0
SNOTEL:401_OR_SNTL,Clear Lake,1161.287964,45.18832016,-121.691597,Oregon,9/24/2022,0,S_Cascade,0,0
SNOTEL:406_OR_SNTL,Cold Springs Camp,1810.511963,42.53305054,-122.1768265,Oregon,9/24/2022,0,S_Cascade,0,0
SNOTEL:434_OR_SNTL,Daly Lake,1124.712036,44.52146912,-122.0871811,Oregon,9/24/2022,0,S_Cascade,0,0
SNOTEL:483_OR_SNTL,Fourmile Lake,1819.656006,42.43933105,-122.2287979,Oregon,9/24/2022,0,S_Cascade,0,0
SNOTEL:526_OR_SNTL,Hogg Pass,1459.991943,44.4204216,-121.8565521,Oregon,9/24/2022,0,S_Cascade,0,0
SNOTEL:529_OR_SNTL,Holland Meadows,1502.66394,43.66917038,-122.5687714,Oregon,9/24/2022,0,S_Cascade,0,0
SNOTEL:552_OR_SNTL,Jump Off Joe,1072.895996,44.38605118,-122.166832,Oregon,9/24/2022,0,S_Cascade,0,0
SNOTEL:614_OR_SNTL,Marion Forks,789.4320068,44.59397125,-121.9736481,Oregon,9/24/2022,0,S_Cascade,0,0
SNOTEL:619_OR_SNTL,Mckenzie,1453.895996,44.21030045,-121.8729172,Oregon,9/24/2022,0,S_Cascade,0,0
SNOTEL:651_OR_SNTL,Mt Hood Test Site,1636.776001,45.32096863,-121.7157974,Oregon,9/24/2022,0,S_Cascade,0,0
SNOTEL:655_OR_SNTL,Mud Ridge,1240.536011,45.25362015,-121.7367325,Oregon,9/24/2022,0,S_Cascade,0,0
SNOTEL:666_OR_SNTL,North Fork,932.6879883,45.55049896,-122.0028305,Oregon,9/24/2022,0,S_Cascade,0,0
SNOTEL:710_OR_SNTL,Railroad Overpass,816.8640137,43.6588707,-122.2127228,Oregon,9/24/2022,0,S_Cascade,0,0
SNOTEL:712_OR_SNTL,Red Hill,1344.167969,45.46429825,-121.704277,Oregon,9/24/2022,0,S_Cascade,0,0
SNOTEL:729_OR_SNTL,Salt Creek Falls,1286.255981,43.61193085,-122.1175766,Oregon,9/24/2022,0,S_Cascade,0,0
SNOTEL:733_OR_SNTL,Santiam Jct.,1139.952026,44.43503189,-121.9450226,Oregon,9/24/2022,0,S_Cascade,0,0
SNOTEL:745_OR_SNTL,Sevenmile Marsh,1737.359985,42.69824982,-122.1416473,Oregon,9/24/2022,0,S_Cascade,0,0
SNOTEL:756_OR_SNTL,Silver Creek,1749.552002,42.95615005,-121.1812286,Oregon,9/24/2022,0,S_Cascade,0,0
SNOTEL:801_OR_SNTL,Summit Lake,1709.927979,43.44906998,-122.1380768,Oregon,9/24/2022,0,S_Cascade,0,0
SNOTEL:810_OR_SNTL,Taylor Butte,1533.144043,42.69107819,-121.4259186,Oregon,9/24/2022,0,S_Cascade,0,0
SNOTEL:815_OR_SNTL,Three Creeks Meadow,1734.312012,44.14424896,-121.6409531,Oregon,9/24/2022,0,S_Cascade,0,0
SNOTEL:925_OR_SNTL,South Fork Bull Run,819.9119873,45.44575119,-122.03125,Oregon,9/24/2022,0,S_Cascade,0,0
SNOTEL:945_OR_SNTL,Gerber Reservoir,1490.472046,42.20619965,-121.1334,Oregon,9/24/2022,0,S_Cascade,0,0
SNOTEL:1107_WA_SNTL,Buckinghorse,1484.375977,47.70859909,-123.4574738,Washington,9/24/2022,0,Wa_Coast,0,0
SNOTEL:648_WA_SNTL,Mount Crag,1207.008057,47.76369858,-123.026001,Washington,9/24/2022,0,Wa_Coast,0,0
SNOTEL:974_WA_SNTL,Waterhole,1527.047974,47.94485092,-123.4259415,Washington,9/24/2022,0,Wa_Coast,0,0
SNOTEL:346_MT_SNTL,Bisson Creek,1499.615967,47.6838913,-113.9990082,Montana,9/24/2022,0,Greater_Glacier,0,0
SNOTEL:413_MT_SNTL,Copper Bottom,1584.959961,47.05678177,-112.5950012,Montana,9/24/2022,0,Greater_Glacier,0,0
SNOTEL:414_MT_SNTL,Copper Camp,2118.360107,47.08158112,-112.7295532,Montana,9/24/2022,0,Greater_Glacier,0,0
SNOTEL:458_MT_SNTL,Dupuyer Creek,1752.599976,48.06341171,-112.7573013,Montana,9/24/2022,0,Greater_Glacier,0,0
SNOTEL:482_MT_SNTL,Flattop Mtn.,1920.23999,48.80224991,-113.857132,Montana,9/24/2022,0,Greater_Glacier,0,0
SNOTEL:562_MT_SNTL,Kraft Creek,1447.800049,47.42749023,-113.7751465,Montana,9/24/2022,0,Greater_Glacier,0,0
SNOTEL:604_MT_SNTL,Lubrecht Flume,1426.463989,46.88293076,-113.3222809,Montana,9/24/2022,0,Greater_Glacier,0,0
SNOTEL:613_MT_SNTL,Many Glacier,1493.52002,48.79698181,-113.6705017,Montana,9/24/2022,0,Greater_Glacier,0,0
SNOTEL:646_MT_SNTL,Moss Peak,2066.543945,47.68492889,-113.9623032,Montana,9/24/2022,0,Greater_Glacier,0,0
SNOTEL:649_MT_SNTL,Mount Lockhart,1950.719971,47.91727066,-112.8237991,Montana,9/24/2022,0,Greater_Glacier,0,0
SNOTEL:657_MT_SNTL,N Fk Elk Creek,1905,46.8716011,-113.2772522,Montana,9/24/2022,0,Greater_Glacier,0,0
SNOTEL:664_MT_SNTL,Noisy Basin,1840.991943,48.15678024,-113.946373,Montana,9/24/2022,0,Greater_Glacier,0,0
SNOTEL:667_MT_SNTL,North Fork Jocko,1929.384033,47.27259827,-113.7561722,Montana,9/24/2022,0,Greater_Glacier,0,0
SNOTEL:693_MT_SNTL,Pike Creek,1807.463989,48.30305099,-113.3286819,Montana,9/24/2022,0,Greater_Glacier,0,0
SNOTEL:847_MT_SNTL,Waldron,1706.880005,47.9199791,-112.7908707,Montana,9/24/2022,0,Greater_Glacier,0,0
SNOTEL:876_MT_SNTL,Wood Creek,1816.608032,47.44847107,-112.8142776,Montana,9/24/2022,0,Greater_Glacier,0,0
SNOTEL:901_MT_SNTL,Stuart Mountain,2255.52002,46.99523163,-113.9266434,Montana,9/24/2022,0,Greater_Glacier,0,0
SNOTEL:1084_OR_SNTL,Miller Woods,128.0160065,45.24755096,-123.2756271,Oregon,9/24/2022,0,Or_Coast,0,0
SNOTEL:341_OR_SNTL,Big Red Mountain,1844.040039,42.05257034,-122.8548737,Oregon,9/24/2022,0,Or_Coast,0,0
SNOTEL:558_OR_SNTL,King Mountain,1322.832031,42.72394943,-123.2003708,Oregon,9/24/2022,0,Or_Coast,0,0
SNOTEL:726_OR_SNTL,Saddle Mountain,947.9279785,45.54476929,-123.3731537,Oregon,9/24/2022,0,Or_Coast,0,0
SNOTEL:743_OR_SNTL,Seine Creek,627.8880005,45.52687836,-123.2985687,Oregon,9/24/2022,0,Or_Coast,0,0
